,length (m),temperature (°C),Stokes,anti-Stokes
0,-747.2,-19.014,-0.44299999999999995,0.281
1,-746.185,345.49199999999996,-0.278,-0.557
2,-745.171,-37.275999999999996,0.43200000000000005,-0.23600000000000002
3,-744.1560000000001,-83.016,0.494,-0.162
4,-743.1419999999999,-25.428,-0.956,0.5770000000000001
5,-742.127,159.11700000000002,-0.17,0.242
6,-741.112,-200.0,0.028999999999999998,0.9329999999999999
7,-740.0980000000001,298.33099999999996,-0.345,0.648
8,-739.0830000000001,-93.73700000000001,1.181,0.332
9,-738.069,-200.0,0.009000000000000001,-0.48200000000000004
10,-737.054,113.354,0.263,-0.325
11,-736.039,55.918,0.23800000000000002,0.235
12,-735.025,800.0,-0.127,-0.418
13,-734.01,-28.519000000000002,-0.513,0.302
14,-732.9960000000001,69.483,-0.17600000000000002,0.185
15,-731.9810000000001,1.935,-0.33299999999999996,-0.245
16,-730.966,-76.868,-1.188,0.424
17,-729.952,800.0,0.07400000000000001,-0.268
18,-728.937,-54.486000000000004,-0.267,0.12300000000000001
19,-727.923,183.989,-0.593,0.895
20,-726.908,141.392,0.171,-0.231
21,-725.8939999999999,-113.51700000000001,0.484,0.09699999999999999
22,-724.8789999999999,-35.461999999999996,0.42700000000000005,-0.237
23,-723.8639999999999,-80.625,-0.495,-0.168
24,-722.85,800.0,0.068,0.221
25,-721.835,-200.0,0.023,0.289
26,-720.821,-21.211,-0.9890000000000001,-0.616
27,-719.806,-104.281,1.314,-0.311
28,-718.791,86.925,-0.04,-0.045
29,-717.7769999999999,275.395,-0.44,0.795
30,-716.762,800.0,-0.20199999999999999,0.61
31,-715.748,-200.0,0.035,0.456
32,-714.7330000000001,74.21300000000001,-0.884,-0.946
33,-713.7180000000001,-200.0,0.018000000000000002,0.214
34,-712.704,800.0,-0.028999999999999998,-0.08199999999999999
35,-711.689,407.147,0.48700000000000004,-1.0490000000000002
36,-710.675,170.12599999999998,-0.1,-0.146
37,-709.66,325.97700000000003,0.433,-0.845
38,-708.645,-92.18,-0.738,-0.212
39,-707.6310000000001,151.243,-0.259,-0.359
40,-706.6160000000001,800.0,0.147,0.5589999999999999
41,-705.602,-78.405,-0.141,0.049
42,-704.587,136.592,-0.36200000000000004,-0.48100000000000004
43,-703.572,4.731,0.39899999999999997,0.299
44,-702.558,-72.62,-0.43200000000000005,0.162
45,-701.543,-193.081,0.76,-0.006999999999999999
46,-700.529,-62.832,0.687,-0.29
47,-699.5139999999999,-22.754,-0.586,-0.361
48,-698.4989999999999,313.712,0.434,-0.831
49,-697.485,-26.967,0.8540000000000001,0.508
50,-696.47,-146.8,-0.84,-0.07400000000000001
51,-695.456,688.0010000000001,0.092,-0.245
52,-694.441,800.0,-0.125,0.483
53,-693.426,312.767,0.158,-0.303
54,-692.4119999999999,342.695,0.679,-1.354
55,-691.3969999999999,43.736000000000004,0.259,0.24100000000000002
56,-690.383,-46.596000000000004,-0.634,-0.317
57,-689.368,56.041000000000004,-0.278,-0.275
58,-688.3539999999999,675.8760000000001,0.20800000000000002,0.551
59,-687.3389999999999,600.497,0.282,-0.7140000000000001
60,-686.324,-200.0,0.009000000000000001,-0.11800000000000001
61,-685.31,57.019,-0.267,0.265
62,-684.295,11.290999999999999,-0.48700000000000004,-0.38
63,-683.2810000000001,438.44300000000004,-0.051,-0.113
64,-682.2660000000001,800.0,-0.275,-0.927
65,-681.2510000000001,94.00299999999999,-0.349,-0.40299999999999997
66,-680.237,-116.03,0.156,0.03
67,-679.222,102.686,-0.621,-0.74
68,-678.2080000000001,-11.17,0.431,0.289
69,-677.193,159.441,0.272,-0.385
70,-676.178,-36.826,-0.446,-0.244
71,-675.164,-18.509,-0.462,0.294
72,-674.1489999999999,800.0,-0.24,0.6970000000000001
73,-673.135,269.55400000000003,0.039,-0.07
74,-672.12,-110.83,0.851,0.17800000000000002
75,-671.105,800.0,-0.198,0.8079999999999999
76,-670.091,-200.0,0.012,0.19899999999999998
77,-669.076,-90.492,0.511,0.151
78,-668.062,421.277,-0.266,-0.58
79,-667.047,-29.465999999999998,0.544,-0.317
80,-666.0319999999999,98.897,0.599,-0.7040000000000001
81,-665.018,606.293,0.062,0.158
82,-664.003,-178.753,-0.584,-0.013999999999999999
83,-662.9889999999999,47.781000000000006,-0.585,-0.555
84,-661.9739999999999,-200.0,-0.10300000000000001,-0.77
85,-660.959,67.972,0.429,-0.446
86,-659.945,800.0,-0.163,0.509
87,-658.93,86.352,0.41100000000000003,0.461
88,-657.916,-133.417,-0.231,-0.03
89,-656.9010000000001,-118.749,-0.5660000000000001,-0.10099999999999999
90,-655.8860000000001,-200.0,-0.043,-0.413
91,-654.872,424.32800000000003,-0.145,0.318
92,-653.857,800.0,0.19899999999999998,-0.5720000000000001
93,-652.8430000000001,4.629,0.48100000000000004,0.359
94,-651.828,-196.415,0.21600000000000003,0.001
95,-650.814,77.874,0.14400000000000002,0.156
96,-649.799,317.97900000000004,0.365,0.7020000000000001
97,-648.784,-26.8,0.35200000000000004,0.209
98,-647.77,-58.34,-0.11900000000000001,0.053
99,-646.755,-107.20700000000001,-0.705,0.158
100,-645.741,800.0,0.239,-0.752
101,-644.726,-4.694,0.488,0.34299999999999997
102,-643.711,-65.854,-1.057,-0.43
103,-642.697,-129.292,0.434,0.061
104,-641.682,-38.75,-0.8590000000000001,-0.461
105,-640.668,-200.0,0.053,-0.647
106,-639.653,-192.00400000000002,-0.823,-0.008
107,-638.638,-200.0,-0.003,-0.237
108,-637.624,-200.0,-0.011000000000000001,0.057999999999999996
109,-636.609,62.475,-0.047,0.048
110,-635.595,-142.245,0.807,-0.081
111,-634.58,-115.485,0.9640000000000001,0.185
112,-633.565,-45.68,-0.7020000000000001,0.353
113,-632.5509999999999,-200.0,-0.004,0.355
114,-631.536,-50.583999999999996,0.46399999999999997,-0.222
115,-630.5219999999999,-200.0,0.044000000000000004,-0.474
116,-629.507,139.27200000000002,-0.358,0.478
117,-628.492,14.679,0.457,-0.363
118,-627.4780000000001,-138.0,-0.361,0.040999999999999995
119,-626.4630000000001,800.0,0.086,0.253
120,-625.4490000000001,-85.189,0.5379999999999999,0.171
121,-624.434,12.177999999999999,-0.22699999999999998,0.177
122,-623.419,-193.25799999999998,-0.305,0.003
123,-622.405,60.303999999999995,-0.413,0.415
124,-621.39,-1.581,-0.319,-0.22899999999999998
125,-620.376,15.114,-0.57,0.45399999999999996
126,-619.361,-45.066,-0.35700000000000004,0.18
127,-618.346,-178.636,0.34299999999999997,-0.008
128,-617.332,-34.163000000000004,0.375,0.209
129,-616.317,137.57399999999998,-0.547,-0.727
130,-615.303,-183.665,0.7859999999999999,0.013999999999999999
131,-614.288,-3.1189999999999998,-0.073,0.052000000000000005
132,-613.273,800.0,0.037000000000000005,0.15
133,-612.259,119.288,0.516,-0.648
134,-611.244,-194.372,-0.32,0.003
135,-610.23,-5.212000000000001,-0.33899999999999997,0.23600000000000002
136,-609.215,-6.4639999999999995,-0.444,-0.307
137,-608.201,200.72,0.265,-0.414
138,-607.186,800.0,-0.099,-0.368
139,-606.1709999999999,-73.89699999999999,0.568,-0.209
140,-605.1569999999999,70.73,-0.532,-0.5589999999999999
141,-604.1419999999999,800.0,-0.128,-0.505
142,-603.128,60.387,0.20600000000000002,0.207
143,-602.113,-48.081,0.465,-0.228
144,-601.0980000000001,-105.91799999999999,-0.41700000000000004,0.095
145,-600.0840000000001,95.189,-0.316,0.366
146,-599.069,74.294,-0.11699999999999999,0.125
147,-598.055,-135.887,-0.648,0.078
148,-597.04,-124.671,0.09,-0.013999999999999999
149,-596.025,-15.190999999999999,0.106,0.069
150,-595.011,209.11900000000003,-0.6,0.953
151,-593.996,375.63800000000003,0.374,0.774
152,-592.982,9.017999999999999,0.44299999999999995,0.33899999999999997
153,-591.967,-200.0,-0.062,0.305
154,-590.952,30.781,0.607,0.527
155,-589.938,-113.735,-0.379,0.075
156,-588.923,-200.0,0.083,0.727
157,-587.909,365.27,-0.237,0.485
158,-586.894,800.0,0.10400000000000001,0.349
159,-585.879,-200.0,0.032,0.602
160,-584.865,-94.77,-0.9179999999999999,0.253
161,-583.85,9.391,-0.248,-0.19
162,-582.836,251.08700000000002,0.292,0.504
163,-581.821,126.774,-0.39299999999999996,-0.504
164,-580.806,-157.37,-0.534,0.033
165,-579.7919999999999,-200.0,-0.006,-0.49200000000000005
166,-578.7769999999999,237.65,0.266,-0.44799999999999995
167,-577.763,92.469,-0.49,0.561
168,-576.748,-200.0,0.017,-0.29600000000000004
169,-575.7330000000001,-47.224,0.381,-0.188
170,-574.719,-79.039,0.821,0.28300000000000003
171,-573.7040000000001,384.041,-0.67,-1.399
172,-572.69,-148.57,-0.37799999999999995,0.031
173,-571.675,-7.561,0.22399999999999998,0.154
174,-570.661,404.01099999999997,-0.321,0.6859999999999999
175,-569.646,-141.41299999999998,-0.254,0.026000000000000002
176,-568.631,800.0,-0.08800000000000001,-0.32299999999999995
177,-567.617,1.99,-0.239,-0.175
178,-566.602,431.755,0.171,0.376
179,-565.5880000000001,-164.69799999999998,0.774,0.035
180,-564.573,177.975,0.18899999999999997,-0.28
181,-563.558,-200.0,-0.142,0.6709999999999999
182,-562.544,22.125,-0.179,0.14800000000000002
183,-561.529,-200.0,-0.004,0.052000000000000005
184,-560.515,-46.19,0.732,-0.365
185,-559.5,-200.0,-0.035,-0.41600000000000004
186,-558.485,-86.913,0.40399999999999997,0.125
187,-557.471,-200.0,0.040999999999999995,-0.326
188,-556.456,-200.0,0.035,0.46799999999999997
189,-555.442,15.82,-0.499,0.39799999999999996
190,-554.427,570.8,0.445,1.097
191,-553.4119999999999,800.0,0.078,0.318
192,-552.398,6.496,0.503,-0.379
193,-551.383,-152.498,0.81,0.059000000000000004
194,-550.369,-165.43400000000003,0.53,-0.024
195,-549.354,-200.0,-0.066,-0.315
196,-548.339,-22.055,0.215,-0.132
197,-547.325,-147.439,-0.48,-0.040999999999999995
198,-546.31,-200.0,0.11800000000000001,0.795
199,-545.2959999999999,800.0,-0.14800000000000002,-0.456
200,-544.281,-200.0,0.07400000000000001,1.1420000000000001
201,-543.266,604.736,0.182,0.45799999999999996
202,-542.252,-200.0,0.037000000000000005,-0.318
203,-541.237,-153.96,-0.8320000000000001,0.057
204,-540.2230000000001,-17.944000000000003,-0.89,-0.565
205,-539.2080000000001,725.637,-0.047,-0.128
206,-538.193,280.682,-0.278,-0.503
207,-537.179,800.0,-0.341,-0.998
208,-536.164,-56.772,0.405,0.18100000000000002
209,-535.15,800.0,-0.078,0.285
210,-534.135,-200.0,0.005,-0.54
211,-533.121,60.013999999999996,0.569,0.569
212,-532.106,-125.443,0.43700000000000006,-0.067
213,-531.091,534.047,-0.266,0.639
214,-530.077,-134.718,-0.52,-0.064
215,-529.062,749.077,-0.33799999999999997,-0.922
216,-528.048,-36.121,-0.484,-0.265
217,-527.033,-200.0,0.081,0.578
218,-526.018,-94.556,-0.359,-0.099
219,-525.004,78.631,-0.10400000000000001,0.113
220,-523.989,-64.54899999999999,-0.436,-0.179
221,-522.975,-112.51899999999999,-0.627,-0.127
222,-521.96,75.127,-0.516,-0.551
223,-520.945,395.19300000000004,0.098,0.207
224,-519.931,-200.0,-0.066,-0.473
225,-518.9159999999999,7.444,-0.43799999999999994,0.331
226,-517.9019999999999,140.082,-0.428,-0.5710000000000001
227,-516.887,-200.0,-0.106,-0.991
228,-515.872,-103.135,0.687,-0.16399999999999998
229,-514.8580000000001,800.0,0.126,0.5479999999999999
230,-513.8430000000001,232.002,0.34600000000000003,0.574
231,-512.8290000000001,-113.59200000000001,0.461,-0.091
232,-511.814,-145.256,0.638,0.057999999999999996
233,-510.79900000000004,15.245,-0.5820000000000001,-0.461
234,-509.785,-200.0,-0.057,0.335
235,-508.77,-52.371,-0.684,0.32
236,-507.756,-84.611,0.732,0.233
237,-506.741,89.363,0.42,0.474
238,-505.726,191.465,-0.336,0.511
239,-504.712,722.3919999999999,0.212,0.57
240,-503.69699999999995,-200.0,0.052000000000000005,-0.324
241,-502.68300000000005,800.0,0.201,0.581
242,-501.668,800.0,-0.126,0.35100000000000003
243,-500.653,-200.0,0.011000000000000001,0.11699999999999999
244,-499.639,-62.806999999999995,-0.386,0.162
245,-498.624,-98.70299999999999,-0.557,0.14300000000000002
246,-497.61,-102.865,0.14300000000000002,-0.034
247,-496.595,324.222,-0.165,-0.319
248,-495.58099999999996,84.137,-0.385,0.426
249,-494.566,800.0,-0.172,0.682
250,-493.551,-129.472,-0.457,-0.064
251,-492.537,-1.21,-0.298,0.213
252,-491.522,576.972,0.07,-0.17300000000000001
253,-490.50800000000004,-66.14399999999999,0.5760000000000001,0.23199999999999998
254,-489.49300000000005,84.492,-0.08,-0.08800000000000001
255,-488.478,-77.765,0.467,-0.163
256,-487.464,-53.126000000000005,-0.615,-0.28600000000000003
257,-486.449,800.0,-0.113,-0.36200000000000004
258,-485.435,-159.089,-0.515,-0.028999999999999998
259,-484.42,66.31,-0.243,-0.249
260,-483.405,800.0,-0.07,0.198
261,-482.39099999999996,445.892,0.18600000000000003,0.41200000000000003
262,-481.376,111.647,-0.262,0.32
263,-480.36199999999997,-123.512,0.408,-0.066
264,-479.347,-200.0,0.018000000000000002,0.5760000000000001
265,-478.332,-200.0,-0.005,-0.45
266,-477.31800000000004,-169.475,0.38799999999999996,0.013999999999999999
267,-476.30300000000005,155.187,0.5720000000000001,0.795
268,-475.289,15.557,0.736,0.584
269,-474.274,45.23,0.429,-0.39899999999999997
270,-473.259,-105.365,-0.602,0.138
271,-472.245,-11.202,-0.502,0.33399999999999996
272,-471.23,267.861,-0.281,-0.496
273,-470.216,90.97200000000001,0.264,0.299
274,-469.20099999999996,-40.346,-0.49,-0.257
275,-468.186,-103.061,0.87,-0.20800000000000002
276,-467.17199999999997,-200.0,0.013999999999999999,0.267
277,-466.157,10.838,0.516,-0.39799999999999996
278,-465.14300000000003,97.944,-0.272,0.316
279,-464.12800000000004,13.817,-0.5720000000000001,-0.449
280,-463.11300000000006,-101.025,-0.285,-0.07
281,-462.099,-92.806,-0.325,0.092
282,-461.084,136.16,-0.449,-0.59
283,-460.07,-106.99600000000001,0.5710000000000001,0.127
284,-459.055,-164.41099999999997,0.447,-0.021
285,-458.04,484.539,-0.23,0.528
286,-457.026,49.678999999999995,0.184,-0.175
287,-456.01099999999997,-200.0,0.016,-0.45299999999999996
288,-454.99699999999996,-65.75,-0.086,-0.035
289,-453.98199999999997,-130.325,1.4369999999999998,-0.19699999999999998
290,-452.968,4.5360000000000005,-0.395,0.292
291,-451.95300000000003,-200.0,-0.159,-0.991
292,-450.93800000000005,27.163,-0.621,-0.526
293,-449.92400000000004,-179.764,0.537,-0.012
294,-448.909,800.0,-0.066,0.249
295,-447.895,89.387,-0.5660000000000001,-0.636
296,-446.88,152.405,-0.265,0.366
297,-445.865,72.207,0.7170000000000001,0.753
298,-444.851,5.039,-0.504,-0.374
299,-443.836,-101.661,0.413,0.10099999999999999
300,-442.82199999999995,-200.0,-0.574,0.0
301,-441.80699999999996,215.045,0.172,0.275
302,-440.792,-200.0,-0.037000000000000005,0.5670000000000001
303,-439.778,-200.0,0.006999999999999999,-0.188
304,-438.76300000000003,-200.0,0.10099999999999999,-0.643
305,-437.749,-200.0,0.047,0.325
306,-436.73400000000004,720.797,-0.099,0.265
307,-435.719,188.53799999999998,0.353,0.5329999999999999
308,-434.705,-200.0,-0.033,0.47
309,-433.69,509.67,-0.125,0.292
310,-432.676,190.533,0.063,0.095
311,-431.661,-71.719,-0.33899999999999997,0.127
312,-430.64599999999996,-96.145,-0.363,0.09699999999999999
313,-429.63199999999995,800.0,-0.21899999999999997,-0.6940000000000001
314,-428.61699999999996,-200.0,0.075,-0.555
315,-427.603,-148.175,-0.395,0.033
316,-426.588,-94.194,0.7040000000000001,0.19399999999999998
317,-425.57300000000004,-200.0,0.048,0.244
318,-424.559,-22.811,-0.531,0.32299999999999995
319,-423.54400000000004,-200.0,-0.002,0.10099999999999999
320,-422.53,800.0,0.055999999999999994,-0.23199999999999998
321,-421.515,-200.0,0.21899999999999997,1.103
322,-420.5,-200.0,-0.036000000000000004,-0.536
323,-419.486,-39.556999999999995,-0.77,-0.406
324,-418.471,-83.271,-0.083,0.027000000000000003
325,-417.457,-191.024,-0.23600000000000002,0.002
326,-416.44199999999995,37.256,-0.261,-0.233
327,-415.42800000000005,355.42900000000003,0.177,0.355
328,-414.413,800.0,0.040999999999999995,0.134
329,-413.398,193.06,-0.382,0.5820000000000001
330,-412.384,-114.227,0.314,0.061
331,-411.369,-176.118,-0.5710000000000001,-0.015
332,-410.355,-37.728,0.706,0.379
333,-409.34,76.84100000000001,0.24100000000000002,-0.258
334,-408.325,66.03699999999999,1.155,1.18
335,-407.311,-200.0,-0.038,-0.196
336,-406.296,-27.795,-0.591,-0.345
337,-405.282,-200.0,-0.05,0.61
338,-404.267,-118.06700000000001,0.19699999999999998,-0.035
339,-403.25199999999995,800.0,0.168,0.513
340,-402.23800000000006,-162.5,-0.9540000000000001,-0.048
341,-401.223,-200.0,-0.047,-0.513
342,-400.209,443.781,0.10300000000000001,-0.22699999999999998
343,-399.194,789.054,-0.19699999999999998,0.5429999999999999
344,-398.17900000000003,-67.018,0.31,-0.12300000000000001
345,-397.165,-161.748,-0.38,-0.02
346,-396.15,274.302,0.34600000000000003,0.616
347,-395.13599999999997,-200.0,0.07200000000000001,-0.659
348,-394.121,-200.0,0.059000000000000004,-0.545
349,-393.106,-12.097999999999999,0.718,-0.473
350,-392.092,-131.546,0.583,-0.077
351,-391.077,141.556,-0.32899999999999996,0.43799999999999994
352,-390.06300000000005,-20.442,0.33899999999999997,0.21
353,-389.048,800.0,0.121,0.45299999999999996
354,-388.033,-192.903,0.535,-0.005
355,-387.019,-50.658,0.496,-0.235
356,-386.004,-122.695,0.444,-0.07200000000000001
357,-384.99,147.594,0.335,0.45399999999999996
358,-383.975,-200.0,0.14300000000000002,-0.831
359,-382.96,-200.0,0.09,-0.75
360,-381.94599999999997,-200.0,-0.018000000000000002,0.585
361,-380.931,800.0,0.11,0.35700000000000004
362,-379.917,-95.96700000000001,0.754,0.20199999999999999
363,-378.902,-56.793,-0.364,0.162
364,-377.88800000000003,-111.46700000000001,0.319,-0.065
365,-376.87300000000005,-184.393,-0.752,-0.012
366,-375.858,-200.0,-0.055999999999999994,-0.45399999999999996
367,-374.844,144.75799999999998,-0.546,0.7340000000000001
368,-373.829,145.975,0.41,0.5529999999999999
369,-372.815,-166.697,-0.136,-0.006
370,-371.8,47.08,0.361,-0.33799999999999997
371,-370.785,-140.936,0.39,-0.04
372,-369.77099999999996,0.09300000000000001,-0.397,-0.284
373,-368.756,-42.425,-0.136,0.07
374,-367.74199999999996,53.673,0.289,0.27899999999999997
375,-366.727,201.669,0.318,-0.493
376,-365.712,-90.83,-0.601,-0.174
377,-364.69800000000004,-96.015,0.97,-0.26
378,-363.68300000000005,800.0,-0.253,0.815
379,-362.66900000000004,800.0,-0.071,-0.242
380,-361.654,60.656000000000006,-0.228,-0.22699999999999998
381,-360.639,349.914,0.272,-0.541
382,-359.625,-200.0,-0.034,-0.5670000000000001
383,-358.61,14.030999999999999,-0.21100000000000002,-0.166
384,-357.596,42.555,0.365,-0.33399999999999996
385,-356.58099999999996,-200.0,-0.025,0.133
386,-355.566,169.278,0.555,-0.7959999999999999
387,-354.55199999999996,126.163,0.255,-0.324
388,-353.537,-200.0,0.023,0.34
389,-352.523,56.977,-0.54,0.529
390,-351.50800000000004,-70.37100000000001,0.156,0.059000000000000004
391,-350.49300000000005,139.058,-0.33299999999999996,-0.44
392,-349.47900000000004,-22.581,-0.5770000000000001,-0.35100000000000003
393,-348.464,302.569,0.391,-0.726
394,-347.45,-72.043,0.431,0.161
395,-346.435,-200.0,0.092,-0.502
396,-345.42,-15.751,0.314,-0.201
397,-344.406,-154.656,0.019,0.001
398,-343.39099999999996,100.272,-0.21,-0.245
399,-342.37699999999995,-200.0,0.124,-0.705
400,-341.36199999999997,-118.56299999999999,-0.75,0.133
401,-340.348,12.642999999999999,-0.523,-0.406
402,-339.333,402.809,-0.395,0.8340000000000001
403,-338.31800000000004,303.02099999999996,0.245,-0.456
404,-337.30400000000003,-200.0,-0.027999999999999997,-0.13699999999999998
405,-336.289,32.215,-0.22699999999999998,-0.19699999999999998
406,-335.275,-47.467,0.66,-0.322
407,-334.26,273.764,-0.263,-0.467
408,-333.245,174.804,-0.33799999999999997,-0.491
409,-332.231,800.0,-0.134,-0.581
410,-331.216,320.59,-0.22899999999999998,-0.43799999999999994
411,-330.202,65.812,0.424,0.43200000000000005
412,-329.18699999999995,53.478,-0.40399999999999997,-0.389
413,-328.17199999999997,-52.606,-0.325,0.151
414,-327.158,-71.42399999999999,0.19,-0.071
415,-326.143,-152.27700000000002,-0.281,-0.02
416,-325.129,209.73,-0.195,-0.307
417,-324.11400000000003,-27.379,-0.8320000000000001,0.486
418,-323.099,-200.0,0.10400000000000001,0.595
419,-322.085,494.56300000000005,-0.188,-0.434
420,-321.07,152.60299999999998,-0.304,-0.41700000000000004
421,-320.056,10.732000000000001,0.326,-0.25
422,-319.041,-62.86600000000001,0.865,-0.359
423,-318.026,0.8909999999999999,-0.603,-0.434
424,-317.012,598.6659999999999,-0.172,0.429
425,-315.997,176.868,0.212,-0.31
426,-314.983,-136.38299999999998,-0.18899999999999997,0.022000000000000002
427,-313.968,-72.777,-0.7140000000000001,-0.264
428,-312.953,-200.0,-0.003,-0.5920000000000001
429,-311.939,-112.89,-0.41,0.08199999999999999
430,-310.92400000000004,-145.482,0.624,-0.055999999999999994
431,-309.91,153.207,0.247,0.33899999999999997
432,-308.895,8.306000000000001,-0.545,-0.41100000000000003
433,-307.88,52.841,0.282,-0.27
434,-306.866,275.085,-0.12300000000000001,-0.218
435,-305.851,120.454,-0.198,0.247
436,-304.837,800.0,0.114,0.36200000000000004
437,-303.822,134.31,-0.209,0.272
438,-302.807,-190.015,0.828,0.009000000000000001
439,-301.793,-1.804,-0.09,-0.063
440,-300.778,342.586,-0.071,-0.14
441,-299.764,174.91400000000002,-0.48100000000000004,-0.6990000000000001
442,-298.749,264.497,-0.11199999999999999,-0.196
443,-297.735,243.77200000000002,-0.243,0.408
444,-296.72,-46.871,0.39799999999999996,-0.195
445,-295.705,167.938,-0.345,0.49200000000000005
446,-294.691,-13.083,-0.20600000000000002,-0.134
447,-293.676,156.41299999999998,-0.126,-0.175
448,-292.66200000000003,-200.0,-0.021,0.39399999999999996
449,-291.647,456.34,-0.446,-0.993
450,-290.632,-15.642999999999999,0.278,-0.17800000000000002
451,-289.618,-89.068,-0.5710000000000001,-0.16899999999999998
452,-288.603,161.399,-0.191,-0.268
453,-287.589,-136.796,0.637,-0.07400000000000001
454,-286.574,-110.726,-0.39899999999999997,-0.083
455,-285.559,-29.851999999999997,-0.5820000000000001,0.33299999999999996
456,-284.545,-200.0,-0.267,0.001
457,-283.53,-103.815,0.7559999999999999,0.177
458,-282.51599999999996,800.0,0.098,-0.35600000000000004
459,-281.501,-116.792,-0.28800000000000003,0.053
460,-280.486,-103.296,0.759,-0.179
461,-279.472,232.13099999999997,-0.541,-0.889
462,-278.457,488.034,-0.182,0.41600000000000004
463,-277.443,199.854,-0.794,1.2209999999999999
464,-276.428,-121.025,1.1320000000000001,-0.19
465,-275.413,496.786,0.092,0.212
466,-274.399,-6.403,0.594,-0.406
467,-273.384,-200.0,0.131,-0.598
468,-272.37,-91.839,0.44,-0.125
469,-271.355,-20.215,0.433,-0.267
470,-270.34,-200.0,-0.0,0.10099999999999999
471,-269.32599999999996,111.34299999999999,0.607,0.733
472,-268.311,-100.561,0.201,0.05
473,-267.297,-118.86399999999999,-0.598,-0.105
474,-266.282,-69.021,-0.19699999999999998,-0.076
475,-265.267,50.437,-0.83,0.7859999999999999
476,-264.253,462.836,0.11800000000000001,0.265
477,-263.238,-126.585,0.7120000000000001,-0.106
478,-262.224,-109.848,-0.442,-0.09300000000000001
479,-261.209,-200.0,-0.09300000000000001,0.636
480,-260.195,558.882,-0.141,0.342
481,-259.18,-200.0,0.023,0.935
482,-258.165,560.8,-0.18,-0.436
483,-257.151,112.54799999999999,-0.22699999999999998,-0.275
484,-256.13599999999997,180.797,-0.271,0.39899999999999997
485,-255.122,-55.391999999999996,-0.547,-0.24600000000000002
486,-254.107,-97.49600000000001,-0.5539999999999999,0.14400000000000002
487,-253.092,-166.139,-0.83,-0.035
488,-252.078,453.389,-0.125,0.278
489,-251.063,-83.274,0.479,0.154
490,-250.049,-15.019,-0.138,-0.08900000000000001
491,-249.03400000000002,43.971000000000004,-0.348,-0.319
492,-248.019,-129.996,0.22,-0.03
493,-247.005,800.0,-0.217,-0.644
494,-245.99,-200.0,-0.076,0.522
495,-244.976,56.393,0.331,-0.322
496,-243.96099999999998,240.062,0.578,0.965
497,-242.946,-74.949,-0.8340000000000001,-0.299
498,-241.93200000000002,693.73,-0.281,-0.737
499,-240.917,303.181,0.27899999999999997,0.518
500,-239.903,34.727,0.547,0.479
501,-238.888,-22.131999999999998,0.718,-0.436
502,-237.873,-163.395,1.195,0.057
503,-236.859,169.792,0.253,0.36200000000000004
504,-235.84400000000002,-200.0,0.049,-0.25
505,-234.83,298.269,0.09300000000000001,0.172
506,-233.815,-166.222,-0.405,-0.017
507,-232.8,-136.257,0.044000000000000004,0.005
508,-231.78599999999997,800.0,-0.129,-0.534
509,-230.771,-90.18700000000001,0.996,-0.29
510,-229.757,70.735,-0.46299999999999997,-0.479
511,-228.74200000000002,241.48,-0.405,-0.677
512,-227.727,211.833,-0.442,-0.6970000000000001
513,-226.713,-103.045,0.836,0.198
514,-225.69799999999998,138.119,-0.15,0.19699999999999998
515,-224.68400000000003,-200.0,-0.046,0.36700000000000005
516,-223.669,-178.171,1.1340000000000001,-0.027000000000000003
517,-222.655,-69.193,1.122,-0.431
518,-221.64,800.0,0.161,0.669
519,-220.625,-152.862,-0.612,0.043
520,-219.611,-200.0,-0.3,1.4340000000000002
521,-218.59599999999998,-200.0,0.06,0.45799999999999996
522,-217.582,77.527,-0.387,-0.41200000000000003
523,-216.567,-35.485,0.7509999999999999,-0.408
524,-215.55200000000002,218.391,0.193,0.307
525,-214.53799999999998,74.888,0.452,-0.47600000000000003
526,-213.523,800.0,-0.07400000000000001,-0.24100000000000002
527,-212.50900000000001,-200.0,-0.012,-1.089
528,-211.49400000000003,-200.0,-0.076,-0.5770000000000001
529,-210.479,-95.661,-0.281,0.075
530,-209.465,-115.76100000000001,-0.066,0.012
531,-208.45,-35.979,0.406,-0.22
532,-207.43599999999998,-108.339,-0.326,0.07
533,-206.421,151.238,-0.332,-0.451
534,-205.40599999999998,137.688,-0.248,0.324
535,-204.392,-98.36399999999999,0.287,0.073
536,-203.377,674.091,0.26,0.675
537,-202.363,-200.0,-0.038,0.501
538,-201.34799999999998,-157.007,-0.401,-0.025
539,-200.333,800.0,-0.31,1.044
540,-199.31900000000002,-121.273,0.7040000000000001,0.11699999999999999
541,-198.304,82.697,0.33799999999999997,0.36700000000000005
542,-197.29,-104.77600000000001,-0.358,-0.08199999999999999
543,-196.275,-8.088,0.556,0.375
544,-195.26,57.858000000000004,0.266,0.26
545,-194.24599999999998,48.623999999999995,0.6920000000000001,0.648
546,-193.231,270.747,0.281,-0.495
547,-192.217,100.43799999999999,-0.281,-0.326
548,-191.202,38.457,-0.551,-0.49
549,-190.187,-32.839,0.44799999999999995,-0.248
550,-189.173,-13.317,-0.764,-0.495
551,-188.158,-138.369,0.907,0.1
552,-187.144,294.42,0.23,-0.42
553,-186.12900000000002,73.48100000000001,0.038,-0.04
554,-185.114,-74.399,-0.212,-0.076
555,-184.1,-149.292,0.442,0.035
556,-183.085,-74.368,0.449,0.162
557,-182.071,112.626,-0.255,-0.308
558,-181.05599999999998,6.813,-0.35700000000000004,0.265
559,-180.042,-191.91099999999997,-0.755,-0.006999999999999999
560,-179.02700000000002,-92.14399999999999,0.342,-0.096
561,-178.012,42.626999999999995,-0.408,-0.371
562,-176.998,800.0,-0.042,-0.16
563,-175.983,36.589,-0.303,-0.267
564,-174.96900000000002,28.252,-0.49200000000000005,0.414
565,-173.954,111.344,-0.518,0.623
566,-172.93900000000002,17.617,0.285,-0.226
567,-171.925,-138.088,0.9940000000000001,-0.11
568,-170.91,2.0069999999999997,-0.825,0.594
569,-169.896,40.966,-0.315,-0.284
570,-168.88099999999997,8.73,0.883,-0.664
571,-167.86599999999999,13.165999999999999,0.431,0.33299999999999996
572,-166.852,800.0,-0.207,-0.688
573,-165.83700000000002,800.0,0.27699999999999997,0.914
574,-164.82299999999998,74.627,0.736,-0.772
575,-163.808,800.0,0.053,0.21100000000000002
576,-162.793,-118.152,-0.7559999999999999,0.134
577,-161.779,28.772,0.426,0.36
578,-160.764,-101.04799999999999,0.8340000000000001,0.204
579,-159.75,-5.331,0.19699999999999998,0.135
580,-158.735,508.815,-0.195,-0.452
581,-157.72,537.952,-0.17300000000000001,-0.41100000000000003
582,-156.70600000000002,-68.665,0.529,-0.204
583,-155.691,-200.0,0.054000000000000006,-0.37200000000000005
584,-154.67700000000002,19.866,0.711,0.5710000000000001
585,-153.662,-200.0,-0.023,0.23399999999999999
586,-152.64700000000002,800.0,-0.042,0.17600000000000002
587,-151.63299999999998,206.858,0.439,0.682
588,-150.618,53.781000000000006,-0.363,0.348
589,-149.60399999999998,266.328,-0.13,0.22699999999999998
590,-148.589,-200.0,-0.06,-0.45299999999999996
591,-147.57399999999998,-200.0,0.107,0.58
592,-146.56,91.2,-0.275,0.308
593,-145.545,-30.499000000000002,1.284,-0.726
594,-144.531,800.0,0.315,1.012
595,-143.516,658.2130000000001,0.083,-0.213
596,-142.502,-140.037,-0.7090000000000001,-0.075
597,-141.487,-94.314,-0.23199999999999998,0.063
598,-140.472,159.974,-0.41100000000000003,-0.5710000000000001
599,-139.458,-25.924,0.266,-0.156
600,-138.44299999999998,-53.12,0.17800000000000002,0.081
601,-137.429,-87.48,-0.534,-0.161
602,-136.414,-74.267,0.489,-0.17600000000000002
603,-135.399,177.893,-0.134,0.19399999999999998
604,-134.385,210.56099999999998,0.062,-0.09699999999999999
605,-133.37,84.712,0.499,0.544
606,-132.356,-200.0,-0.158,0.748
607,-131.341,800.0,-0.191,0.8320000000000001
608,-130.326,-58.684,-0.195,0.084
609,-129.312,388.723,-0.444,0.915
610,-128.297,-53.864,-0.736,0.33399999999999996
611,-127.28299999999999,800.0,0.057999999999999996,0.185
612,-126.26799999999999,-50.476000000000006,0.226,0.106
613,-125.25299999999999,136.246,-0.526,0.684
614,-124.23899999999999,-76.068,0.373,-0.131
615,-123.22399999999999,239.77200000000002,-0.243,-0.40399999999999997
616,-122.21,-164.79,-0.499,0.022000000000000002
617,-121.195,-200.0,-0.024,-0.195
618,-120.18,783.1610000000001,-0.156,0.42700000000000005
619,-119.166,800.0,0.389,1.261
620,-118.15100000000001,123.25399999999999,0.49700000000000005,-0.62
621,-117.137,-200.0,-0.025,-0.451
622,-116.12200000000001,-193.477,-0.667,0.006
623,-115.10700000000001,-148.959,0.6679999999999999,0.054000000000000006
624,-114.09299999999999,-152.296,0.282,0.02
625,-113.07799999999999,411.92699999999996,-0.41700000000000004,-0.8809999999999999
626,-112.064,-46.266000000000005,-0.28600000000000003,-0.14
627,-111.04899999999999,77.214,-0.377,0.39899999999999997
628,-110.03399999999999,800.0,0.025,0.095
629,-109.02,-147.879,0.7979999999999999,-0.066
630,-108.005,-33.016,0.248,0.13699999999999998
631,-106.991,-43.504,-0.648,0.326
632,-105.976,-108.90899999999999,-0.43700000000000006,0.09300000000000001
633,-104.962,87.476,-0.12,-0.132
634,-103.947,-102.098,0.365,0.08800000000000001
635,-102.932,-146.876,-1.024,-0.08800000000000001
636,-101.91799999999999,64.748,0.257,-0.258
637,-100.90299999999999,335.01800000000003,-0.205,0.395
638,-99.889,95.404,0.435,-0.494
639,-98.874,-94.99700000000001,-0.462,0.124
640,-97.859,130.64600000000002,-0.092,0.11699999999999999
641,-96.845,149.287,-0.5660000000000001,-0.763
642,-95.83,-200.0,0.109,-0.515
643,-94.816,-146.715,0.53,-0.046
644,-93.801,-152.871,0.446,0.031
645,-92.786,-129.343,-0.655,0.091
646,-91.772,12.53,0.58,0.445
647,-90.757,-200.0,0.064,0.713
648,-89.743,225.553,-0.446,0.72
649,-88.728,-200.0,0.004,-0.47
650,-87.713,-52.483000000000004,0.332,0.153
651,-86.699,11.212,0.16699999999999998,0.127
652,-85.684,75.824,0.6829999999999999,-0.718
653,-84.67,800.0,0.145,-0.44299999999999995
654,-83.655,-200.0,0.006999999999999999,0.273
655,-82.64,-200.0,-0.767,-0.003
656,-81.626,-44.78,-0.505,0.251
657,-80.611,384.62,0.6970000000000001,1.4280000000000002
658,-79.597,-49.36600000000001,0.431,0.204
659,-78.582,-113.23700000000001,-0.12300000000000001,0.024
660,-77.567,334.524,0.07400000000000001,0.14300000000000002
661,-76.553,156.485,0.079,-0.10800000000000001
662,-75.538,40.85,0.18899999999999997,-0.17
663,-74.524,-42.631,0.377,-0.191
664,-73.509,85.95700000000001,-0.505,0.5529999999999999
665,-72.494,29.925,-0.146,0.124
666,-71.48,-200.0,0.075,0.38799999999999996
667,-70.465,-175.75,-0.242,-0.006
668,-69.45100000000001,85.46700000000001,-0.163,-0.177
669,-68.436,93.51799999999999,0.174,-0.196
670,-67.422,406.423,-0.28600000000000003,-0.601
671,-66.407,-166.343,0.27399999999999997,-0.011000000000000001
672,-65.392,6.561,0.287,-0.212
673,-64.378,229.044,0.36700000000000005,0.595
674,-63.363,-30.428,0.23800000000000002,-0.134
675,-62.349,-200.0,-0.049,0.32299999999999995
676,-61.333999999999996,54.092,-0.97,-0.927
677,-60.318999999999996,-118.39200000000001,0.39899999999999997,-0.07
678,-59.305,33.928000000000004,-0.40299999999999997,-0.349
679,-58.29,414.086,0.6559999999999999,1.3869999999999998
680,-57.276,175.62900000000002,1.577,2.272
681,-56.261,-200.0,76.413,504.815
682,-55.246,560.149,1358.69,3260.632
683,-54.232,174.354,2647.43,3802.19
684,-53.217,121.675,2312.157,2863.89
685,-52.203,50.915,1745.1170000000002,1642.725
686,-51.188,42.628,1464.7420000000002,1324.4379999999999
687,-50.173,39.147,1418.8020000000001,1260.577
688,-49.159,57.83,1454.6960000000001,1413.691
689,-48.144,62.915,1472.88,1464.1470000000002
690,-47.13,42.916000000000004,1437.36,1301.339
691,-46.115,39.12,1419.183,1260.539
692,-45.1,39.125,1413.3570000000002,1255.349
693,-44.086000000000006,39.034,1411.108,1252.721
694,-43.071000000000005,38.968,1410.007,1251.274
695,-42.056999999999995,38.672,1407.711,1247.3039999999999
696,-41.042,38.849000000000004,1405.97,1246.835
697,-40.027,38.96,1404.316,1246.022
698,-39.013000000000005,38.847,1401.691,1242.931
699,-37.998000000000005,39.078,1398.8370000000002,1241.808
700,-36.984,38.898,1398.38,1240.22
701,-35.969,39.041,1396.094,1239.039
702,-34.954,39.125,1394.474,1238.0839999999998
703,-33.94,39.045,1392.809,1236.0510000000002
704,-32.925,39.202,1391.381,1235.724
705,-31.910999999999998,39.138000000000005,1389.869,1233.93
706,-30.896,39.281,1387.649,1232.805
707,-29.881,39.184,1387.3110000000001,1231.848
708,-28.866999999999997,39.272,1385.976,1231.163
709,-27.851999999999997,39.226,1384.29,1229.333
710,-26.838,39.374,1381.516,1227.746
711,-25.823,39.133,1381.165,1225.878
712,-24.809,39.162,1378.981,1224.0710000000001
713,-23.794,39.183,1378.28,1223.5330000000001
714,-22.779,39.076,1377.275,1221.925
715,-21.765,39.17,1374.9270000000001,1220.381
716,-20.75,39.145,1372.9879999999998,1218.4569999999999
717,-19.736,39.428000000000004,1370.464,1217.9180000000001
718,-18.721,39.14,1370.5539999999999,1216.1689999999999
719,-17.706,39.166,1369.1589999999999,1215.0439999999999
720,-16.692,39.086999999999996,1369.016,1214.381
721,-15.677,38.992,1366.9460000000001,1211.9089999999999
722,-14.663,39.254,1364.9229999999998,1211.677
723,-13.648,39.269,1363.224,1210.215
724,-12.633,39.107,1363.391,1209.3210000000001
725,-11.619000000000002,39.056,1362.361,1208.046
726,-10.604000000000001,39.207,1361.148,1207.846
727,-9.59,39.082,1359.954,1205.972
728,-8.575,38.778,1359.93,1204.036
729,-7.56,39.101,1358.422,1204.636
730,-6.546,39.118,1357.8370000000002,1204.172
731,-5.531000000000001,39.148,1356.004,1202.683
732,-4.5169999999999995,39.076,1356.2379999999998,1202.404
733,-3.502,39.084,1354.964,1201.277
734,-2.487,39.001,1353.73,1199.627
735,-1.473,39.215,1349.908,1197.493
736,-0.45799999999999996,37.812,1334.566,1175.383
737,0.556,32.900999999999996,1313.2179999999998,1129.035
738,1.571,28.482,1317.245,1105.8139999999999
739,2.5860000000000003,27.272,1330.579,1109.532
740,3.6,26.615,1322.979,1099.112
741,4.615,28.045,1258.279,1053.515
742,5.629,28.163,1189.867,996.788
743,6.644,27.698,1169.963,977.5360000000001
744,7.659,27.351,1169.913,975.549
745,8.673,26.971999999999998,1167.555,971.4680000000001
746,9.687999999999999,26.901999999999997,1165.141,968.9989999999999
747,10.702,26.789,1162.6860000000001,966.2719999999999
748,11.717,26.835,1161.1680000000001,965.169
749,12.731,25.070999999999998,1157.867,952.9680000000001
750,13.745999999999999,21.052,1151.6860000000001,926.4989999999999
751,14.761,18.171,1145.4589999999998,906.165
752,15.775,16.699,1142.675,896.0989999999999
753,16.79,15.749,1139.95,888.862
754,17.804000000000002,14.627,1138.498,881.727
755,18.819000000000003,14.273,1137.13,878.721
756,19.834,13.672,1135.921,874.5419999999999
757,20.848000000000003,13.165999999999999,1135.3980000000001,871.3919999999999
758,21.863000000000003,13.357999999999999,1132.64,870.209
759,22.877,13.062999999999999,1132.823,868.72
760,23.892,13.274000000000001,1130.715,868.137
761,24.906999999999996,13.214,1129.228,866.6039999999999
762,25.921,13.216,1127.945,865.552
763,26.936,12.989,1126.849,863.446
764,27.95,13.345999999999998,1124.263,863.25
765,28.965,13.085,1123.532,861.2539999999999
766,29.98,13.3,1120.5810000000001,860.0319999999999
767,30.994,13.095,1121.163,859.3380000000001
768,32.009,13.259,1118.754,858.265
769,33.023,13.203,1117.647,857.049
770,34.038000000000004,13.370999999999999,1117.01,857.3589999999999
771,35.053000000000004,13.095999999999998,1117.0,855.846
772,36.067,13.106,1115.82,854.92
773,37.082,13.029000000000002,1114.587,853.5010000000001
774,38.096,13.106,1113.2910000000002,852.832
775,39.111,13.317,1111.819,852.7180000000001
776,40.126,13.04,1111.587,851.038
777,41.14,13.29,1109.863,850.925
778,42.155,13.355,1108.495,850.138
779,43.169,13.155999999999999,1107.8039999999999,848.51
780,44.184,12.957,1107.149,846.913
781,45.199,13.333,1104.548,846.77
782,46.213,13.029000000000002,1103.522,844.3580000000001
783,47.228,13.079,1103.127,844.232
784,48.242,12.966,1101.271,842.163
785,49.257,13.255999999999998,1100.349,842.86
786,50.271,12.850999999999999,1099.546,840.1080000000001
787,51.286,13.144,1098.734,840.903
788,52.301,13.262,1097.493,840.4810000000001
789,53.315,12.9,1096.531,837.831
790,54.33,13.429,1094.746,839.077
791,55.343999999999994,13.036,1095.298,837.431
792,56.358999999999995,13.267999999999999,1093.4,837.079
793,57.373999999999995,13.285,1092.252,836.2139999999999
794,58.388000000000005,13.267000000000001,1091.343,835.352
795,59.403,13.220999999999998,1090.1760000000002,834.1519999999999
796,60.417,13.13,1089.478,833.084
797,61.431999999999995,13.222000000000001,1088.901,833.0319999999999
798,62.446999999999996,13.193,1087.057,831.405
799,63.461000000000006,13.075,1086.878,830.602
800,64.476,13.144,1086.185,830.347
801,65.49,12.847999999999999,1086.9769999999999,829.385
802,66.505,13.115,1084.578,828.826
803,67.52,13.088,1083.57,827.846
804,68.53399999999999,13.129000000000001,1083.25,827.73
805,69.54899999999999,13.123,1081.9160000000002,826.6080000000001
806,70.563,13.273,1082.032,827.375
807,71.578,13.138,1080.5819999999999,825.5189999999999
808,72.593,13.024000000000001,1079.6580000000001,824.172
809,73.607,13.075999999999999,1079.482,824.2239999999999
810,74.622,13.075,1078.263,823.2139999999999
811,75.63600000000001,13.088,1077.401,822.549
812,76.65100000000001,13.08,1076.577,821.806
813,77.666,13.294,1075.02,821.6080000000001
814,78.68,12.956,1076.528,821.005
815,79.695,13.043,1073.88,819.3480000000001
816,80.709,13.020999999999999,1074.224,819.426
817,81.72399999999999,13.327,1072.366,819.453
818,82.73899999999999,13.322000000000001,1071.8,818.924
819,83.75299999999999,13.017000000000001,1071.237,816.913
820,84.76799999999999,13.130999999999998,1070.067,816.512
821,85.78200000000001,12.804,1069.231,814.184
822,86.79700000000001,13.228,1067.308,814.7389999999999
823,87.81200000000001,12.915,1067.492,813.265
824,88.82600000000001,13.045,1066.268,812.903
825,89.84100000000001,12.995,1064.3419999999999,811.1160000000001
826,90.855,13.288,1063.121,811.55
827,91.87,13.069,1063.17,810.442
828,92.884,12.762,1063.826,809.362
829,93.899,13.183,1060.503,808.822
830,94.914,13.06,1060.7169999999999,808.311
831,95.928,13.151,1059.201,807.533
832,96.943,13.073,1057.3110000000001,805.6360000000001
833,97.95700000000001,13.285,1057.009,806.3689999999999
834,98.97200000000001,13.026,1057.213,805.191
835,99.98700000000001,13.282,1054.99,804.672
836,101.001,13.034,1055.573,803.841
837,102.016,12.936,1053.662,801.835
838,103.03,13.015,1052.97,801.6210000000001
839,104.045,13.100999999999999,1051.5910000000001,800.92
840,105.06,13.093,1050.744,800.166
841,106.074,13.139000000000001,1049.758,799.564
842,107.089,13.157,1048.8410000000001,798.883
843,108.103,13.32,1047.924,798.903
844,109.118,13.157,1047.277,797.549
845,110.133,13.04,1045.653,795.68
846,111.147,13.239,1044.963,796.044
847,112.162,13.024000000000001,1044.062,794.2510000000001
848,113.176,13.187000000000001,1042.769,793.9810000000001
849,114.191,13.424000000000001,1041.573,794.1389999999999
850,115.206,13.058,1041.688,792.398
851,116.22,13.425999999999998,1039.5810000000001,792.487
852,117.235,13.592,1038.345,792.268
853,118.249,13.088,1038.756,790.102
854,119.264,13.225999999999999,1038.322,790.362
855,120.279,13.489,1036.432,790.11
856,121.29299999999999,13.21,1035.923,788.319
857,122.30799999999999,13.239,1034.889,787.6030000000001
858,123.322,13.117,1034.232,786.448
859,124.337,13.088,1032.257,784.7410000000001
860,125.352,13.46,1030.026,784.7410000000001
861,126.366,13.407,1029.527,784.04
862,127.381,13.319,1027.792,782.2339999999999
863,128.395,13.593,1026.72,782.64
864,129.41,13.040999999999999,1026.6689999999999,779.926
865,130.424,13.535,1025.222,781.0880000000001
866,131.439,13.083,1025.494,779.092
867,132.454,13.475999999999999,1023.7919999999999,779.581
868,133.468,13.152000000000001,1022.58,777.068
869,134.483,13.414000000000001,1021.3960000000001,777.328
870,135.497,13.263,1020.597,775.942
871,136.512,13.259,1020.73,775.9580000000001
872,137.52700000000002,13.712,1017.7080000000001,775.711
873,138.541,13.234000000000002,1017.6389999999999,773.3539999999999
874,139.556,13.401,1016.813,773.437
875,140.57,13.482000000000001,1016.2310000000001,773.305
876,141.585,13.279000000000002,1014.883,771.2639999999999
877,142.6,13.434000000000001,1013.929,771.192
878,143.614,13.257,1013.535,770.0
879,144.629,13.558,1012.3430000000001,770.425
880,145.643,13.485,1011.2510000000001,769.187
881,146.658,13.463,1010.8960000000001,768.747
882,147.673,13.353,1009.5930000000001,767.179
883,148.687,13.444,1009.177,767.215
884,149.702,13.568,1006.81,765.921
885,150.716,13.287,1006.562,764.368
886,151.731,13.33,1006.0269999999999,764.091
887,152.746,13.362,1005.321,763.638
888,153.76,13.32,1004.972,763.11
889,154.775,13.571,1004.1569999999999,763.582
890,155.789,13.231,1003.7410000000001,761.63
891,156.804,13.479000000000001,1002.302,761.6110000000001
892,157.819,13.105,1002.8639999999999,760.248
893,158.833,13.517000000000001,1001.929,761.3660000000001
894,159.84799999999998,13.431,1000.6510000000001,759.935
895,160.862,13.345,999.318,758.459
896,161.877,13.532,998.063,758.295
897,162.892,13.447000000000001,996.778,756.867
898,163.90599999999998,13.681,995.493,756.893
899,164.921,13.401,994.342,754.672
900,165.935,13.380999999999998,993.5260000000001,753.8960000000001
901,166.95,13.662,992.5160000000001,754.3389999999999
902,167.96400000000003,13.469000000000001,993.1610000000001,753.885
903,168.979,13.285,991.544,751.755
904,169.99400000000003,13.565,989.698,751.558
905,171.00799999999998,13.532,989.565,751.242
906,172.023,13.700999999999999,988.0880000000001,750.82
907,173.037,13.401,987.725,749.118
908,174.05200000000002,13.800999999999998,986.556,749.9739999999999
909,175.067,13.687000000000001,985.664,748.715
910,176.081,13.411,985.433,747.2289999999999
911,177.09599999999998,13.697000000000001,984.073,747.421
912,178.11,13.677999999999999,984.195,747.3589999999999
913,179.125,13.575,983.6419999999999,746.409
914,180.14,14.065999999999999,982.618,747.7760000000001
915,181.15400000000002,13.88,982.413,746.72
916,182.169,13.914000000000001,981.633,746.212
917,183.183,13.850999999999999,981.6039999999999,745.84
918,184.19799999999998,13.913,980.311,745.07
919,185.213,13.931,978.102,743.4069999999999
920,186.227,13.706,979.3439999999999,743.2739999999999
921,187.24200000000002,13.706,977.971,742.17
922,188.25599999999997,13.652999999999999,977.3380000000001,741.3860000000001
923,189.271,13.587,976.048,740.047
924,190.28599999999997,13.992,975.063,741.041
925,191.3,13.815,975.06,740.183
926,192.315,13.602,974.932,739.072
927,193.329,13.875,974.5210000000001,739.913
928,194.34400000000002,13.669,973.648,738.263
929,195.359,13.838,972.699,738.2310000000001
930,196.373,14.091,970.742,737.802
931,197.388,14.279000000000002,970.8739999999999,738.673
932,198.40200000000002,13.964,970.56,736.972
933,199.417,13.995,969.5,736.2389999999999
934,200.43200000000002,13.862,969.081,735.265
935,201.446,13.886,968.8969999999999,735.169
936,202.46099999999998,14.071,967.59,734.932
937,203.475,13.800999999999998,967.758,733.798
938,204.49,14.179,966.174,734.199
939,205.50400000000002,14.285,965.796,734.316
940,206.519,14.353,964.082,733.2460000000001
941,207.53400000000002,14.163,963.449,731.8660000000001
942,208.548,14.04,962.285,730.3739999999999
943,209.563,14.079,963.18,731.163
944,210.577,14.069,962.3789999999999,730.443
945,211.592,14.341,960.096,729.8389999999999
946,212.607,14.380999999999998,959.961,729.846
947,213.62099999999998,14.088,958.878,727.679
948,214.636,14.022,958.482,727.0260000000001
949,215.65,14.287,957.597,727.445
950,216.665,14.094000000000001,957.301,726.315
951,217.68,14.338,955.98,726.314
952,218.69400000000002,14.472000000000001,955.064,726.1360000000001
953,219.709,14.48,954.2689999999999,725.5
954,220.72299999999998,14.657,954.061,726.049
955,221.738,14.307,953.472,724.0139999999999
956,222.753,14.315999999999999,953.125,723.7260000000001
957,223.767,14.345,951.941,722.8910000000001
958,224.782,14.44,950.9789999999999,722.505
959,225.796,14.408,950.064,721.61
960,226.81099999999998,14.675,948.868,721.79
961,227.826,14.372,948.8889999999999,720.434
962,228.84,14.627,947.799,720.643
963,229.855,14.623,947.25,720.1439999999999
964,230.86900000000003,14.385,946.7439999999999,718.67
965,231.88400000000001,14.66,946.304,719.459
966,232.899,14.605,946.057,718.9680000000001
967,233.91299999999998,14.265999999999998,944.9580000000001,716.612
968,234.928,14.305,943.791,715.832
969,235.942,14.472000000000001,942.8939999999999,715.803
970,236.957,14.665999999999999,942.073,715.949
971,237.972,14.507,942.21,715.31
972,238.986,14.42,941.4110000000001,714.2669999999999
973,240.00099999999998,14.338,940.748,713.346
974,241.015,14.309000000000001,940.002,712.5939999999999
975,242.03,14.457,938.9689999999999,712.3810000000001
976,243.045,14.753,937.8839999999999,712.76
977,244.05900000000003,14.389000000000001,937.89,711.1469999999999
978,245.074,14.492,936.8380000000001,710.727
979,246.088,14.6,936.1339999999999,710.5880000000001
980,247.10299999999998,14.555,935.3960000000001,709.773
981,248.11700000000002,14.796,934.847,710.32
982,249.132,14.456,935.279,709.1389999999999
983,250.14700000000002,14.972000000000001,933.0419999999999,709.568
984,251.16099999999997,14.993,932.085,708.868
985,252.176,14.939,931.431,708.078
986,253.19,14.675999999999998,930.9830000000001,706.562
987,254.205,14.318,931.08,705.06
988,255.22,14.850999999999999,928.597,705.365
989,256.23400000000004,14.647,928.796,704.595
990,257.249,14.67,928.289,704.243
991,258.263,14.710999999999999,926.716,703.16
992,259.278,14.413,926.1010000000001,701.378
993,260.293,14.651,925.681,701.9989999999999
994,261.307,14.504000000000001,925.595,701.255
995,262.322,14.617,925.258,701.4110000000001
996,263.336,14.81,923.2,700.596
997,264.351,14.92,922.44,700.418
998,265.366,15.074000000000002,922.6089999999999,701.1310000000001
999,266.38,15.209000000000001,920.9760000000001,700.3910000000001
1000,267.395,15.091,921.0889999999999,699.921
1001,268.409,15.163,919.4639999999999,698.927
1002,269.42400000000004,15.15,918.778,698.2869999999999
1003,270.439,14.845999999999998,918.306,696.6010000000001
1004,271.453,14.83,917.8560000000001,696.132
1005,272.468,15.118,917.143,696.727
1006,273.482,15.458,915.709,696.988
1007,274.497,15.232999999999999,915.6080000000001,695.916
1008,275.512,15.106,914.508,694.4939999999999
1009,276.526,14.919,915.165,694.155
1010,277.541,15.16,913.678,693.961
1011,278.555,15.094000000000001,913.189,693.255
1012,279.57,15.484000000000002,912.4119999999999,694.2189999999999
1013,280.585,15.184000000000001,911.485,692.212
1014,281.599,15.229000000000001,910.785,691.803
1015,282.61400000000003,15.209000000000001,909.6310000000001,690.783
1016,283.628,15.362,908.878,690.784
1017,284.643,15.507,907.648,690.382
1018,285.657,15.15,908.248,689.309
1019,286.672,15.452,906.7860000000001,689.3810000000001
1020,287.687,15.392999999999999,906.404,688.784
1021,288.70099999999996,15.503,905.76,688.684
1022,289.716,15.485999999999999,904.88,687.887
1023,290.73,15.335999999999999,904.061,686.5889999999999
1024,291.745,15.501,903.7410000000001,686.961
1025,292.76,15.695,902.8989999999999,687.054
1026,293.774,15.827,902.2639999999999,687.046
1027,294.789,15.940999999999999,901.115,686.576
1028,295.803,15.859000000000002,900.758,685.908
1029,296.818,15.415,901.1360000000001,684.326
1030,297.83299999999997,15.65,899.268,683.803
1031,298.847,15.677,899.78,684.243
1032,299.862,15.542,898.8739999999999,682.943
1033,300.876,15.79,896.8960000000001,682.3860000000001
1034,301.89099999999996,15.575,897.312,681.77
1035,302.906,15.664000000000001,896.444,681.409
1036,303.92,15.49,895.431,679.877
1037,304.935,15.686,895.903,680.967
1038,305.949,15.716,894.3539999999999,679.8510000000001
1039,306.964,15.582,894.312,679.216
1040,307.97900000000004,15.797,893.4989999999999,679.41
1041,308.993,15.567,893.1080000000001,678.123
1042,310.008,15.845,892.4069999999999,678.654
1043,311.022,15.522,891.9960000000001,676.9780000000001
1044,312.03700000000003,15.642999999999999,891.5219999999999,677.044
1045,313.052,16.054000000000002,890.3969999999999,677.7819999999999
1046,314.066,15.718,889.605,675.77
1047,315.08099999999996,16.135,888.9010000000001,676.852
1048,316.095,15.919,888.013,675.247
1049,317.11,16.315,886.9989999999999,676.0039999999999
1050,318.125,15.901,888.5169999999999,675.438
1051,319.139,15.927999999999999,886.63,674.053
1052,320.154,15.622,887.717,673.5930000000001
1053,321.168,15.571,886.5930000000001,672.4780000000001
1054,322.183,15.677999999999999,885.4789999999999,672.002
1055,323.197,15.876,885.434,672.698
1056,324.212,16.007,884.45,672.416
1057,325.22700000000003,15.869000000000002,882.966,670.678
1058,326.241,16.000999999999998,882.408,670.7180000000001
1059,327.256,16.083,882.79,671.278
1060,328.27,15.802999999999999,881.698,669.275
1061,329.285,16.191,881.561,670.6519999999999
1062,330.3,16.136,880.84,669.826
1063,331.314,16.342,879.063,669.232
1064,332.329,16.199,879.34,668.815
1065,333.343,16.142,879.154,668.3889999999999
1066,334.358,15.635,879.472,666.562
1067,335.37300000000005,16.32,877.571,667.7719999999999
1068,336.38699999999994,16.163,877.1610000000001,666.78
1069,337.402,16.320999999999998,877.602,667.68
1070,338.416,16.105,876.823,666.177
1071,339.431,16.331,876.487,666.755
1072,340.44599999999997,16.288,875.682,665.913
1073,341.46,16.407,875.212,665.965
1074,342.475,15.952,875.627,664.429
1075,343.48900000000003,16.026,875.172,664.317
1076,344.504,16.284000000000002,874.337,664.6389999999999
1077,345.519,16.025,873.6039999999999,663.0060000000001
1078,346.533,16.074,873.5419999999999,663.0939999999999
1079,347.548,16.025,872.967,662.4060000000001
1080,348.56199999999995,16.121,872.946,662.709
1081,349.577,16.26,871.908,662.405
1082,350.592,16.646,870.847,663.054
1083,351.606,16.19,871.113,661.409
1084,352.621,16.55,869.535,661.561
1085,353.635,16.61,868.128,660.668
1086,354.65,16.438,867.71,659.6189999999999
1087,355.665,16.183,868.1030000000001,658.863
1088,356.67900000000003,16.424,866.818,658.77
1089,357.694,16.364,865.679,657.612
1090,358.708,16.221,865.9939999999999,657.237
1091,359.723,16.461,865.197,657.5089999999999
1092,360.73800000000006,16.371,864.085,656.255
1093,361.75199999999995,16.655,863.317,656.715
1094,362.767,16.54,862.789,655.809
1095,363.781,16.141,863.357,654.636
1096,364.796,16.595,861.9889999999999,655.298
1097,365.81,16.815,861.33,655.591
1098,366.825,16.553,860.2489999999999,653.6990000000001
1099,367.84,16.576,860.3939999999999,653.839
1100,368.85400000000004,16.641,859.485,653.3430000000001
1101,369.869,16.364,860.065,652.656
1102,370.88300000000004,16.624000000000002,859.0889999999999,652.8580000000001
1103,371.898,17.043,857.515,653.219
1104,372.913,17.039,857.6469999999999,653.245
1105,373.92699999999996,16.521,858.195,651.61
1106,374.94199999999995,16.805,856.6310000000001,651.4580000000001
1107,375.95599999999996,16.862000000000002,856.355,651.4069999999999
1108,376.971,17.034000000000002,855.076,651.0369999999999
1109,377.986,16.889,855.273,650.572
1110,379.0,16.997,854.837,650.597
1111,380.015,16.875999999999998,854.5980000000001,649.8969999999999
1112,381.029,16.834,853.654,648.96
1113,382.04400000000004,16.714000000000002,853.687,648.467
1114,383.059,17.246,852.082,649.225
1115,384.07300000000004,17.097,852.308,648.771
1116,385.088,16.699,852.007,646.961
1117,386.102,16.924,852.123,647.854
1118,387.11699999999996,17.14,849.799,646.849
1119,388.13199999999995,16.812,849.592,645.388
1120,389.14599999999996,17.104,849.066,646.0419999999999
1121,390.161,17.022000000000002,849.117,645.711
1122,391.175,16.899,848.404,644.643
1123,392.19,17.207,848.005,645.453
1124,393.205,17.123,847.664,644.819
1125,394.219,16.840999999999998,846.916,643.125
1126,395.23400000000004,17.136,846.997,644.248
1127,396.24800000000005,16.994,846.7239999999999,643.442
1128,397.26300000000003,17.159000000000002,845.451,643.044
1129,398.278,17.2,844.687,642.562
1130,399.292,16.81,845.041,641.3
1131,400.30699999999996,17.237000000000002,844.561,642.491
1132,401.32099999999997,17.387,843.332,642.068
1133,402.336,17.039,843.846,641.0840000000001
1134,403.35,17.409000000000002,842.628,641.499
1135,404.365,17.532,841.3710000000001,640.95
1136,405.38,16.746,841.9689999999999,638.385
1137,406.394,17.154,841.3810000000001,639.4209999999999
1138,407.409,17.01,839.561,637.44
1139,408.423,17.385,839.698,638.8969999999999
1140,409.43800000000005,17.232,839.77,638.32
1141,410.45300000000003,17.429000000000002,839.6560000000001,638.9169999999999
1142,411.467,17.631,838.566,638.788
1143,412.48199999999997,17.211,838.682,637.246
1144,413.496,17.785999999999998,836.572,637.736
1145,414.51099999999997,17.564,836.7439999999999,636.9780000000001
1146,415.526,17.549,836.48,636.6659999999999
1147,416.54,17.493,836.7439999999999,636.6
1148,417.555,17.221,836.1360000000001,635.067
1149,418.569,17.485,835.405,635.44
1150,419.584,17.406,834.773,634.609
1151,420.599,17.551,834.453,634.8480000000001
1152,421.61300000000006,17.463,834.1510000000001,634.236
1153,422.62800000000004,17.462,833.752,633.871
1154,423.642,14.738,852.1260000000001,637.4019999999999
1155,424.657,-5.36,2007.172,1319.0910000000001
1156,425.67199999999997,28.524,2660.449,2152.763
1157,426.686,62.382,1197.879,1144.2
1158,427.70099999999996,-38.702,187.063,94.431
1159,428.715,7.474,32.984,23.585
1160,429.73,21.263,17.566,13.644
1161,430.745,-33.344,30.941999999999997,16.372
1162,431.759,95.538,44.801,48.858999999999995
1163,432.774,124.594,8.878,10.682
1164,433.788,-74.973,0.845,0.289
1165,434.80300000000005,38.038000000000004,-0.381,-0.324
1166,435.81800000000004,130.29,0.051,0.063
1167,436.832,800.0,-0.45399999999999996,-1.4580000000000002
1168,437.847,-200.0,0.102,-1.172
1169,438.861,-20.524,-0.672,-0.395
1170,439.876,-142.175,-0.757,-0.07200000000000001
1171,440.89,-200.0,0.013000000000000001,-0.198
1172,441.905,-73.185,-0.73,-0.256
1173,442.92,-200.0,-0.11900000000000001,-1.222
1174,443.934,-200.0,-0.115,-1.102
1175,444.949,55.357,-0.5489999999999999,-0.507
1176,445.963,800.0,-0.28800000000000003,-1.197
1177,446.978,175.09,-0.741,-1.024
1178,447.99300000000005,136.514,-0.684,-0.853
1179,449.00699999999995,16.891,-0.9420000000000001,-0.7120000000000001
1180,450.022,0.0,0.0,0.0
1181,451.036,0.0,0.0,0.0
1182,452.051,0.0,0.0,0.0
1183,453.066,0.0,0.0,0.0
1184,454.08,0.0,0.0,0.0
1185,455.095,0.0,0.0,0.0
1186,456.10900000000004,0.0,0.0,0.0
1187,457.124,0.0,0.0,0.0
1188,458.139,0.0,0.0,0.0
1189,459.153,0.0,0.0,0.0
1190,460.168,0.0,0.0,0.0
1191,461.18199999999996,0.0,0.0,0.0
1192,462.19699999999995,0.0,0.0,0.0
1193,463.212,0.0,0.0,0.0
1194,464.226,0.0,0.0,0.0
1195,465.241,0.0,0.0,0.0
1196,466.255,0.0,0.0,0.0
1197,467.27,0.0,0.0,0.0
1198,468.285,0.0,0.0,0.0
1199,469.29900000000004,0.0,0.0,0.0
1200,470.314,0.0,0.0,0.0
1201,471.32800000000003,0.0,0.0,0.0
1202,472.343,0.0,0.0,0.0
1203,473.358,0.0,0.0,0.0
1204,474.37199999999996,0.0,0.0,0.0
1205,475.38699999999994,0.0,0.0,0.0
1206,476.401,0.0,0.0,0.0
1207,477.416,0.0,0.0,0.0
1208,478.43,0.0,0.0,0.0
1209,479.445,0.0,0.0,0.0
1210,480.46,0.0,0.0,0.0
1211,481.474,0.0,0.0,0.0
1212,482.48900000000003,0.0,0.0,0.0
1213,483.50300000000004,0.0,0.0,0.0
1214,484.51800000000003,0.0,0.0,0.0
1215,485.533,0.0,0.0,0.0
1216,486.54699999999997,0.0,0.0,0.0
1217,487.56199999999995,0.0,0.0,0.0
1218,488.57599999999996,0.0,0.0,0.0
1219,489.591,0.0,0.0,0.0
1220,490.606,0.0,0.0,0.0
1221,491.62,0.0,0.0,0.0
1222,492.635,0.0,0.0,0.0
1223,493.649,0.0,0.0,0.0
1224,494.664,0.0,0.0,0.0
1225,495.67900000000003,0.0,0.0,0.0
1226,496.69300000000004,0.0,0.0,0.0
1227,497.708,0.0,0.0,0.0
1228,498.722,0.0,0.0,0.0
1229,499.73699999999997,0.0,0.0,0.0
1230,500.75199999999995,0.0,0.0,0.0
1231,501.76599999999996,0.0,0.0,0.0
1232,502.781,0.0,0.0,0.0
1233,503.795,0.0,0.0,0.0
1234,504.81,0.0,0.0,0.0
1235,505.825,0.0,0.0,0.0
1236,506.839,0.0,0.0,0.0
1237,507.85400000000004,0.0,0.0,0.0
1238,508.86800000000005,0.0,0.0,0.0
1239,509.88300000000004,0.0,0.0,0.0
1240,510.898,0.0,0.0,0.0
1241,511.912,0.0,0.0,0.0
1242,512.927,0.0,0.0,0.0
1243,513.941,0.0,0.0,0.0
1244,514.956,0.0,0.0,0.0
1245,515.971,0.0,0.0,0.0
1246,516.985,0.0,0.0,0.0
1247,518.0,0.0,0.0,0.0
1248,519.014,0.0,0.0,0.0
1249,520.029,0.0,0.0,0.0
1250,521.043,0.0,0.0,0.0
1251,522.058,0.0,0.0,0.0
1252,523.073,0.0,0.0,0.0
1253,524.087,0.0,0.0,0.0
1254,525.102,0.0,0.0,0.0
1255,526.116,0.0,0.0,0.0
1256,527.131,0.0,0.0,0.0
1257,528.146,0.0,0.0,0.0
1258,529.16,0.0,0.0,0.0
1259,530.175,0.0,0.0,0.0
1260,531.189,0.0,0.0,0.0
1261,532.2040000000001,0.0,0.0,0.0
1262,533.219,0.0,0.0,0.0
1263,534.2330000000001,0.0,0.0,0.0
1264,535.248,0.0,0.0,0.0
1265,536.262,0.0,0.0,0.0
1266,537.2769999999999,0.0,0.0,0.0
1267,538.2919999999999,0.0,0.0,0.0
1268,539.306,0.0,0.0,0.0
1269,540.321,0.0,0.0,0.0
1270,541.335,0.0,0.0,0.0
1271,542.35,0.0,0.0,0.0
1272,543.365,0.0,0.0,0.0
1273,544.379,0.0,0.0,0.0
1274,545.394,0.0,0.0,0.0
1275,546.408,0.0,0.0,0.0
1276,547.423,0.0,0.0,0.0
1277,548.438,0.0,0.0,0.0
1278,549.452,0.0,0.0,0.0
1279,550.467,0.0,0.0,0.0
1280,551.481,0.0,0.0,0.0
1281,552.496,0.0,0.0,0.0
1282,553.511,0.0,0.0,0.0
1283,554.525,0.0,0.0,0.0
1284,555.54,0.0,0.0,0.0
1285,556.554,0.0,0.0,0.0
1286,557.569,0.0,0.0,0.0
1287,558.5830000000001,0.0,0.0,0.0
1288,559.5980000000001,0.0,0.0,0.0
1289,560.613,0.0,0.0,0.0
1290,561.627,0.0,0.0,0.0
1291,562.6419999999999,0.0,0.0,0.0
1292,563.656,0.0,0.0,0.0
1293,564.6709999999999,0.0,0.0,0.0
1294,565.686,0.0,0.0,0.0
1295,566.7,0.0,0.0,0.0
1296,567.715,0.0,0.0,0.0
1297,568.729,0.0,0.0,0.0
1298,569.744,0.0,0.0,0.0
1299,570.759,0.0,0.0,0.0
1300,571.773,0.0,0.0,0.0
1301,572.788,0.0,0.0,0.0
1302,573.802,0.0,0.0,0.0
1303,574.817,0.0,0.0,0.0
1304,575.832,0.0,0.0,0.0
1305,576.846,0.0,0.0,0.0
1306,577.861,0.0,0.0,0.0
1307,578.875,0.0,0.0,0.0
1308,579.89,0.0,0.0,0.0
1309,580.905,0.0,0.0,0.0
1310,581.919,0.0,0.0,0.0
1311,582.934,0.0,0.0,0.0
1312,583.948,0.0,0.0,0.0
1313,584.9630000000001,0.0,0.0,0.0
1314,585.9780000000001,0.0,0.0,0.0
1315,586.992,0.0,0.0,0.0
1316,588.007,0.0,0.0,0.0
1317,589.021,0.0,0.0,0.0
1318,590.036,0.0,0.0,0.0
1319,591.0509999999999,0.0,0.0,0.0
1320,592.065,0.0,0.0,0.0
1321,593.08,0.0,0.0,0.0
1322,594.094,0.0,0.0,0.0
1323,595.109,0.0,0.0,0.0
1324,596.123,0.0,0.0,0.0
1325,597.138,0.0,0.0,0.0
1326,598.153,0.0,0.0,0.0
1327,599.1669999999999,0.0,0.0,0.0
1328,600.182,0.0,0.0,0.0
1329,601.196,0.0,0.0,0.0
1330,602.211,0.0,0.0,0.0
1331,603.226,0.0,0.0,0.0
1332,604.24,0.0,0.0,0.0
1333,605.255,0.0,0.0,0.0
1334,606.269,0.0,0.0,0.0
1335,607.284,0.0,0.0,0.0
1336,608.299,0.0,0.0,0.0
1337,609.313,0.0,0.0,0.0
1338,610.328,0.0,0.0,0.0
1339,611.342,0.0,0.0,0.0
1340,612.357,0.0,0.0,0.0
1341,613.372,0.0,0.0,0.0
1342,614.386,0.0,0.0,0.0
1343,615.401,0.0,0.0,0.0
1344,616.415,0.0,0.0,0.0
1345,617.43,0.0,0.0,0.0
1346,618.445,0.0,0.0,0.0
1347,619.4590000000001,0.0,0.0,0.0
1348,620.474,0.0,0.0,0.0
1349,621.488,0.0,0.0,0.0
1350,622.503,0.0,0.0,0.0
1351,623.518,0.0,0.0,0.0
1352,624.5319999999999,0.0,0.0,0.0
1353,625.547,0.0,0.0,0.0
1354,626.561,0.0,0.0,0.0
1355,627.576,0.0,0.0,0.0
1356,628.591,0.0,0.0,0.0
1357,629.605,0.0,0.0,0.0
1358,630.62,0.0,0.0,0.0
1359,631.634,0.0,0.0,0.0
1360,632.649,0.0,0.0,0.0
1361,633.663,0.0,0.0,0.0
1362,634.678,0.0,0.0,0.0
1363,635.693,0.0,0.0,0.0
1364,636.707,0.0,0.0,0.0
1365,637.722,0.0,0.0,0.0
1366,638.736,0.0,0.0,0.0
1367,639.751,0.0,0.0,0.0
1368,640.766,0.0,0.0,0.0
1369,641.78,0.0,0.0,0.0
1370,642.795,0.0,0.0,0.0
1371,643.809,0.0,0.0,0.0
1372,644.8240000000001,0.0,0.0,0.0
1373,645.839,0.0,0.0,0.0
1374,646.8530000000001,0.0,0.0,0.0
1375,647.868,0.0,0.0,0.0
1376,648.882,0.0,0.0,0.0
1377,649.8969999999999,0.0,0.0,0.0
1378,650.9119999999999,0.0,0.0,0.0
1379,651.9259999999999,0.0,0.0,0.0
1380,652.941,0.0,0.0,0.0
1381,653.955,0.0,0.0,0.0
1382,654.97,0.0,0.0,0.0
1383,655.985,0.0,0.0,0.0
1384,656.9989999999999,0.0,0.0,0.0
1385,658.0139999999999,0.0,0.0,0.0
1386,659.028,0.0,0.0,0.0
1387,660.043,0.0,0.0,0.0
1388,661.058,0.0,0.0,0.0
1389,662.072,0.0,0.0,0.0
1390,663.087,0.0,0.0,0.0
1391,664.1010000000001,0.0,0.0,0.0
1392,665.1160000000001,0.0,0.0,0.0
1393,666.1310000000001,0.0,0.0,0.0
1394,667.145,0.0,0.0,0.0
1395,668.16,0.0,0.0,0.0
1396,669.174,0.0,0.0,0.0
1397,670.189,0.0,0.0,0.0
1398,671.204,0.0,0.0,0.0
1399,672.2180000000001,0.0,0.0,0.0
1400,673.2330000000001,0.0,0.0,0.0
1401,674.247,0.0,0.0,0.0
1402,675.262,0.0,0.0,0.0
1403,676.2760000000001,0.0,0.0,0.0
1404,677.291,0.0,0.0,0.0
1405,678.306,0.0,0.0,0.0
1406,679.32,0.0,0.0,0.0
1407,680.335,0.0,0.0,0.0
1408,681.3489999999999,0.0,0.0,0.0
1409,682.3639999999999,0.0,0.0,0.0
1410,683.3789999999999,0.0,0.0,0.0
1411,684.393,0.0,0.0,0.0
1412,685.408,0.0,0.0,0.0
1413,686.422,0.0,0.0,0.0
1414,687.437,0.0,0.0,0.0
1415,688.452,0.0,0.0,0.0
1416,689.466,0.0,0.0,0.0
1417,690.4810000000001,0.0,0.0,0.0
1418,691.495,0.0,0.0,0.0
1419,692.51,0.0,0.0,0.0
1420,693.525,0.0,0.0,0.0
1421,694.539,0.0,0.0,0.0
1422,695.554,0.0,0.0,0.0
1423,696.568,0.0,0.0,0.0
1424,697.5830000000001,0.0,0.0,0.0
1425,698.5980000000001,0.0,0.0,0.0
1426,699.612,0.0,0.0,0.0
1427,700.627,0.0,0.0,0.0
1428,701.6410000000001,0.0,0.0,0.0
1429,702.6560000000001,0.0,0.0,0.0
1430,703.671,0.0,0.0,0.0
1431,704.685,0.0,0.0,0.0
1432,705.7,0.0,0.0,0.0
1433,706.7139999999999,0.0,0.0,0.0
1434,707.7289999999999,0.0,0.0,0.0
1435,708.7439999999999,0.0,0.0,0.0
1436,709.758,0.0,0.0,0.0
1437,710.773,0.0,0.0,0.0
1438,711.7869999999999,0.0,0.0,0.0
1439,712.802,0.0,0.0,0.0
1440,713.816,0.0,0.0,0.0
1441,714.831,0.0,0.0,0.0
1442,715.846,0.0,0.0,0.0
1443,716.86,0.0,0.0,0.0
1444,717.875,0.0,0.0,0.0
1445,718.8889999999999,0.0,0.0,0.0
1446,719.904,0.0,0.0,0.0
1447,720.919,0.0,0.0,0.0
1448,721.933,0.0,0.0,0.0
1449,722.948,0.0,0.0,0.0
1450,723.962,0.0,0.0,0.0
1451,724.977,0.0,0.0,0.0
1452,725.992,0.0,0.0,0.0
1453,727.0060000000001,0.0,0.0,0.0
1454,728.0210000000001,0.0,0.0,0.0
1455,729.035,0.0,0.0,0.0
1456,730.05,0.0,0.0,0.0
1457,731.065,0.0,0.0,0.0
1458,732.079,0.0,0.0,0.0
1459,733.0939999999999,0.0,0.0,0.0
1460,734.1080000000001,0.0,0.0,0.0
1461,735.123,0.0,0.0,0.0
1462,736.138,0.0,0.0,0.0
1463,737.1519999999999,0.0,0.0,0.0
1464,738.1669999999999,0.0,0.0,0.0
1465,739.181,0.0,0.0,0.0
1466,740.196,0.0,0.0,0.0
1467,741.211,0.0,0.0,0.0
1468,742.225,0.0,0.0,0.0
1469,743.24,0.0,0.0,0.0
1470,744.2539999999999,0.0,0.0,0.0
1471,745.2689999999999,0.0,0.0,0.0
1472,746.284,0.0,0.0,0.0
1473,747.298,0.0,0.0,0.0
1474,748.313,0.0,0.0,0.0
1475,749.327,0.0,0.0,0.0
1476,750.342,0.0,0.0,0.0
1477,751.3560000000001,0.0,0.0,0.0
1478,752.3710000000001,0.0,0.0,0.0
1479,753.3860000000001,0.0,0.0,0.0
1480,754.4,0.0,0.0,0.0
1481,755.415,0.0,0.0,0.0
1482,756.429,0.0,0.0,0.0
1483,757.444,0.0,0.0,0.0
1484,758.459,0.0,0.0,0.0
1485,759.4730000000001,0.0,0.0,0.0
1486,760.488,0.0,0.0,0.0
1487,761.502,0.0,0.0,0.0
1488,762.5169999999999,0.0,0.0,0.0
1489,763.5319999999999,0.0,0.0,0.0
1490,764.546,0.0,0.0,0.0
1491,765.561,0.0,0.0,0.0
1492,766.575,0.0,0.0,0.0
1493,767.59,0.0,0.0,0.0
1494,768.605,0.0,0.0,0.0
1495,769.6189999999999,0.0,0.0,0.0
1496,770.6339999999999,0.0,0.0,0.0
1497,771.648,0.0,0.0,0.0
1498,772.663,0.0,0.0,0.0
1499,773.678,0.0,0.0,0.0
1500,774.692,0.0,0.0,0.0
1501,775.707,0.0,0.0,0.0
1502,776.721,0.0,0.0,0.0
1503,777.7360000000001,0.0,0.0,0.0
1504,778.7510000000001,0.0,0.0,0.0
1505,779.765,0.0,0.0,0.0
1506,780.78,0.0,0.0,0.0
1507,781.794,0.0,0.0,0.0
1508,782.809,0.0,0.0,0.0
1509,783.824,0.0,0.0,0.0
1510,784.8380000000001,0.0,0.0,0.0
1511,785.8530000000001,0.0,0.0,0.0
1512,786.867,0.0,0.0,0.0
1513,787.882,0.0,0.0,0.0
1514,788.8969999999999,0.0,0.0,0.0
1515,789.9110000000001,0.0,0.0,0.0
1516,790.926,0.0,0.0,0.0
1517,791.94,0.0,0.0,0.0
1518,792.955,0.0,0.0,0.0
1519,793.9689999999999,0.0,0.0,0.0
1520,794.9839999999999,0.0,0.0,0.0
1521,795.9989999999999,0.0,0.0,0.0
1522,797.013,0.0,0.0,0.0
1523,798.028,0.0,0.0,0.0
1524,799.0419999999999,0.0,0.0,0.0
1525,800.057,0.0,0.0,0.0
1526,801.072,0.0,0.0,0.0
1527,802.086,0.0,0.0,0.0
1528,803.1010000000001,0.0,0.0,0.0
1529,804.115,0.0,0.0,0.0
1530,805.13,0.0,0.0,0.0
1531,806.145,0.0,0.0,0.0
1532,807.159,0.0,0.0,0.0
1533,808.174,0.0,0.0,0.0
1534,809.188,0.0,0.0,0.0
1535,810.203,0.0,0.0,0.0
1536,811.2180000000001,0.0,0.0,0.0
1537,812.232,0.0,0.0,0.0
1538,813.247,0.0,0.0,0.0
1539,814.2610000000001,0.0,0.0,0.0
1540,815.2760000000001,0.0,0.0,0.0
1541,816.291,0.0,0.0,0.0
1542,817.305,0.0,0.0,0.0
1543,818.32,0.0,0.0,0.0
1544,819.334,0.0,0.0,0.0
1545,820.3489999999999,0.0,0.0,0.0
1546,821.3639999999999,0.0,0.0,0.0
1547,822.378,0.0,0.0,0.0
1548,823.393,0.0,0.0,0.0
1549,824.4069999999999,0.0,0.0,0.0
1550,825.422,0.0,0.0,0.0
1551,826.437,0.0,0.0,0.0
1552,827.451,0.0,0.0,0.0
1553,828.466,0.0,0.0,0.0
1554,829.48,0.0,0.0,0.0
1555,830.495,0.0,0.0,0.0
1556,831.5089999999999,0.0,0.0,0.0
1557,832.5239999999999,0.0,0.0,0.0
1558,833.539,0.0,0.0,0.0
1559,834.553,0.0,0.0,0.0
1560,835.568,0.0,0.0,0.0
1561,836.582,0.0,0.0,0.0
1562,837.597,0.0,0.0,0.0
1563,838.612,0.0,0.0,0.0
1564,839.6260000000001,0.0,0.0,0.0
1565,840.6410000000001,0.0,0.0,0.0
1566,841.655,0.0,0.0,0.0
1567,842.67,0.0,0.0,0.0
1568,843.685,0.0,0.0,0.0
1569,844.699,0.0,0.0,0.0
1570,845.7139999999999,0.0,0.0,0.0
1571,846.7280000000001,0.0,0.0,0.0
1572,847.743,0.0,0.0,0.0
1573,848.758,0.0,0.0,0.0
1574,849.7719999999999,0.0,0.0,0.0
1575,850.7869999999999,0.0,0.0,0.0
1576,851.801,0.0,0.0,0.0
1577,852.816,0.0,0.0,0.0
1578,853.831,0.0,0.0,0.0
1579,854.845,0.0,0.0,0.0
1580,855.86,0.0,0.0,0.0
1581,856.8739999999999,0.0,0.0,0.0
1582,857.8889999999999,0.0,0.0,0.0
1583,858.904,0.0,0.0,0.0
1584,859.918,0.0,0.0,0.0
1585,860.933,0.0,0.0,0.0
1586,861.947,0.0,0.0,0.0
1587,862.962,0.0,0.0,0.0
1588,863.977,0.0,0.0,0.0
1589,864.9910000000001,0.0,0.0,0.0
1590,866.0060000000001,0.0,0.0,0.0
1591,867.02,0.0,0.0,0.0
1592,868.035,0.0,0.0,0.0
1593,869.049,0.0,0.0,0.0
1594,870.064,0.0,0.0,0.0
1595,871.079,0.0,0.0,0.0
1596,872.0930000000001,0.0,0.0,0.0
1597,873.1080000000001,0.0,0.0,0.0
1598,874.122,0.0,0.0,0.0
1599,875.137,0.0,0.0,0.0
1600,876.1519999999999,0.0,0.0,0.0
1601,877.166,0.0,0.0,0.0
1602,878.181,0.0,0.0,0.0
1603,879.195,0.0,0.0,0.0
1604,880.21,0.0,0.0,0.0
1605,881.225,0.0,0.0,0.0
1606,882.2389999999999,0.0,0.0,0.0
1607,883.2539999999999,0.0,0.0,0.0
1608,884.268,0.0,0.0,0.0
1609,885.283,0.0,0.0,0.0
1610,886.298,0.0,0.0,0.0
1611,887.312,0.0,0.0,0.0
1612,888.327,0.0,0.0,0.0
1613,889.341,0.0,0.0,0.0
1614,890.3560000000001,0.0,0.0,0.0
1615,891.3710000000001,0.0,0.0,0.0
1616,892.385,0.0,0.0,0.0
1617,893.4,0.0,0.0,0.0
1618,894.414,0.0,0.0,0.0
1619,895.429,0.0,0.0,0.0
1620,896.444,0.0,0.0,0.0
1621,897.4580000000001,0.0,0.0,0.0
1622,898.4730000000001,0.0,0.0,0.0
1623,899.487,0.0,0.0,0.0
1624,900.502,0.0,0.0,0.0
1625,901.5169999999999,0.0,0.0,0.0
1626,902.5310000000001,0.0,0.0,0.0
1627,903.546,0.0,0.0,0.0
1628,904.56,0.0,0.0,0.0
1629,905.575,0.0,0.0,0.0
1630,906.5889999999999,0.0,0.0,0.0
1631,907.6039999999999,0.0,0.0,0.0
1632,908.6189999999999,0.0,0.0,0.0
1633,909.633,0.0,0.0,0.0
1634,910.648,0.0,0.0,0.0
1635,911.6619999999999,0.0,0.0,0.0
1636,912.677,0.0,0.0,0.0
1637,913.692,0.0,0.0,0.0
1638,914.706,0.0,0.0,0.0
1639,915.721,0.0,0.0,0.0
1640,916.735,0.0,0.0,0.0
1641,917.75,0.0,0.0,0.0
1642,918.765,0.0,0.0,0.0
1643,919.779,0.0,0.0,0.0
1644,920.794,0.0,0.0,0.0
1645,921.808,0.0,0.0,0.0
1646,922.823,0.0,0.0,0.0
1647,923.8380000000001,0.0,0.0,0.0
1648,924.852,0.0,0.0,0.0
1649,925.867,0.0,0.0,0.0
1650,926.8810000000001,0.0,0.0,0.0
1651,927.8960000000001,0.0,0.0,0.0
1652,928.9110000000001,0.0,0.0,0.0
1653,929.925,0.0,0.0,0.0
1654,930.94,0.0,0.0,0.0
1655,931.954,0.0,0.0,0.0
1656,932.9689999999999,0.0,0.0,0.0
1657,933.9839999999999,0.0,0.0,0.0
1658,934.998,0.0,0.0,0.0
1659,936.013,0.0,0.0,0.0
1660,937.0269999999999,0.0,0.0,0.0
1661,938.0419999999999,0.0,0.0,0.0
1662,939.057,0.0,0.0,0.0
1663,940.071,0.0,0.0,0.0
1664,941.086,0.0,0.0,0.0
1665,942.1,0.0,0.0,0.0
1666,943.115,0.0,0.0,0.0
1667,944.13,0.0,0.0,0.0
1668,945.1439999999999,0.0,0.0,0.0
1669,946.159,0.0,0.0,0.0
1670,947.173,0.0,0.0,0.0
1671,948.188,0.0,0.0,0.0
1672,949.202,0.0,0.0,0.0
1673,950.217,0.0,0.0,0.0
1674,951.232,0.0,0.0,0.0
1675,952.2460000000001,0.0,0.0,0.0
1676,953.2610000000001,0.0,0.0,0.0
1677,954.275,0.0,0.0,0.0
1678,955.29,0.0,0.0,0.0
1679,956.305,0.0,0.0,0.0
1680,957.319,0.0,0.0,0.0
1681,958.334,0.0,0.0,0.0
1682,959.3480000000001,0.0,0.0,0.0
1683,960.363,0.0,0.0,0.0
1684,961.378,0.0,0.0,0.0
1685,962.3919999999999,0.0,0.0,0.0
1686,963.4069999999999,0.0,0.0,0.0
1687,964.421,0.0,0.0,0.0
1688,965.436,0.0,0.0,0.0
1689,966.451,0.0,0.0,0.0
1690,967.465,0.0,0.0,0.0
1691,968.48,0.0,0.0,0.0
1692,969.4939999999999,0.0,0.0,0.0
1693,970.5089999999999,0.0,0.0,0.0
1694,971.5239999999999,0.0,0.0,0.0
1695,972.538,0.0,0.0,0.0
1696,973.553,0.0,0.0,0.0
1697,974.567,0.0,0.0,0.0
1698,975.582,0.0,0.0,0.0
1699,976.597,0.0,0.0,0.0
1700,977.6110000000001,0.0,0.0,0.0
1701,978.6260000000001,0.0,0.0,0.0
1702,979.64,0.0,0.0,0.0
1703,980.655,0.0,0.0,0.0
1704,981.67,0.0,0.0,0.0
1705,982.684,0.0,0.0,0.0
1706,983.699,0.0,0.0,0.0
1707,984.7130000000001,0.0,0.0,0.0
1708,985.7280000000001,0.0,0.0,0.0
1709,986.742,0.0,0.0,0.0
1710,987.757,0.0,0.0,0.0
1711,988.7719999999999,0.0,0.0,0.0
1712,989.7860000000001,0.0,0.0,0.0
1713,990.801,0.0,0.0,0.0
1714,991.815,0.0,0.0,0.0
1715,992.83,0.0,0.0,0.0
1716,993.845,0.0,0.0,0.0
1717,994.8589999999999,0.0,0.0,0.0
1718,995.8739999999999,0.0,0.0,0.0
1719,996.888,0.0,0.0,0.0
1720,997.903,0.0,0.0,0.0
1721,998.918,0.0,0.0,0.0
1722,999.932,0.0,0.0,0.0
1723,1000.947,0.0,0.0,0.0
1724,1001.961,0.0,0.0,0.0
1725,1002.9760000000001,0.0,0.0,0.0
1726,1003.9910000000001,0.0,0.0,0.0
1727,1005.005,0.0,0.0,0.0
1728,1006.02,0.0,0.0,0.0
1729,1007.034,0.0,0.0,0.0
1730,1008.049,0.0,0.0,0.0
1731,1009.064,0.0,0.0,0.0
1732,1010.078,0.0,0.0,0.0
1733,1011.0930000000001,0.0,0.0,0.0
1734,1012.107,0.0,0.0,0.0
1735,1013.122,0.0,0.0,0.0
1736,1014.137,0.0,0.0,0.0
1737,1015.1510000000001,0.0,0.0,0.0
1738,1016.166,0.0,0.0,0.0
1739,1017.18,0.0,0.0,0.0
1740,1018.195,0.0,0.0,0.0
1741,1019.21,0.0,0.0,0.0
1742,1020.2239999999999,0.0,0.0,0.0
1743,1021.2389999999999,0.0,0.0,0.0
1744,1022.253,0.0,0.0,0.0
1745,1023.268,0.0,0.0,0.0
1746,1024.282,0.0,0.0,0.0
1747,1025.297,0.0,0.0,0.0
1748,1026.312,0.0,0.0,0.0
1749,1027.326,0.0,0.0,0.0
1750,1028.3410000000001,0.0,0.0,0.0
1751,1029.355,0.0,0.0,0.0
1752,1030.37,0.0,0.0,0.0
1753,1031.385,0.0,0.0,0.0
1754,1032.399,0.0,0.0,0.0
1755,1033.414,0.0,0.0,0.0
1756,1034.428,0.0,0.0,0.0
1757,1035.443,0.0,0.0,0.0
1758,1036.458,0.0,0.0,0.0
1759,1037.472,0.0,0.0,0.0
1760,1038.487,0.0,0.0,0.0
1761,1039.501,0.0,0.0,0.0
1762,1040.516,0.0,0.0,0.0
1763,1041.531,0.0,0.0,0.0
1764,1042.545,0.0,0.0,0.0
1765,1043.56,0.0,0.0,0.0
1766,1044.5739999999998,0.0,0.0,0.0
1767,1045.589,0.0,0.0,0.0
1768,1046.604,0.0,0.0,0.0
1769,1047.618,0.0,0.0,0.0
1770,1048.633,0.0,0.0,0.0
1771,1049.647,0.0,0.0,0.0
1772,1050.662,0.0,0.0,0.0
1773,1051.677,0.0,0.0,0.0
1774,1052.691,0.0,0.0,0.0
1775,1053.7060000000001,0.0,0.0,0.0
1776,1054.72,0.0,0.0,0.0
1777,1055.735,0.0,0.0,0.0
1778,1056.75,0.0,0.0,0.0
1779,1057.764,0.0,0.0,0.0
1780,1058.779,0.0,0.0,0.0
1781,1059.7930000000001,0.0,0.0,0.0
1782,1060.808,0.0,0.0,0.0
1783,1061.823,0.0,0.0,0.0
1784,1062.837,0.0,0.0,0.0
1785,1063.8519999999999,0.0,0.0,0.0
1786,1064.866,0.0,0.0,0.0
1787,1065.881,0.0,0.0,0.0
1788,1066.895,0.0,0.0,0.0
1789,1067.91,0.0,0.0,0.0
1790,1068.925,0.0,0.0,0.0
1791,1069.9389999999999,0.0,0.0,0.0
1792,1070.954,0.0,0.0,0.0
1793,1071.968,0.0,0.0,0.0
1794,1072.983,0.0,0.0,0.0
1795,1073.998,0.0,0.0,0.0
1796,1075.012,0.0,0.0,0.0
1797,1076.027,0.0,0.0,0.0
1798,1077.0410000000002,0.0,0.0,0.0
1799,1078.056,0.0,0.0,0.0
1800,1079.0710000000001,0.0,0.0,0.0
1801,1080.085,0.0,0.0,0.0
1802,1081.1,0.0,0.0,0.0
1803,1082.114,0.0,0.0,0.0
1804,1083.129,0.0,0.0,0.0
1805,1084.144,0.0,0.0,0.0
1806,1085.1580000000001,0.0,0.0,0.0
1807,1086.173,0.0,0.0,0.0
1808,1087.187,0.0,0.0,0.0
1809,1088.202,0.0,0.0,0.0
1810,1089.2169999999999,0.0,0.0,0.0
1811,1090.231,0.0,0.0,0.0
1812,1091.246,0.0,0.0,0.0
1813,1092.26,0.0,0.0,0.0
1814,1093.275,0.0,0.0,0.0
1815,1094.29,0.0,0.0,0.0
1816,1095.3039999999999,0.0,0.0,0.0
1817,1096.319,0.0,0.0,0.0
1818,1097.333,0.0,0.0,0.0
1819,1098.348,0.0,0.0,0.0
1820,1099.363,0.0,0.0,0.0
1821,1100.377,0.0,0.0,0.0
1822,1101.392,0.0,0.0,0.0
1823,1102.406,0.0,0.0,0.0
1824,1103.421,0.0,0.0,0.0
1825,1104.435,0.0,0.0,0.0
1826,1105.45,0.0,0.0,0.0
1827,1106.465,0.0,0.0,0.0
1828,1107.479,0.0,0.0,0.0
1829,1108.494,0.0,0.0,0.0
1830,1109.508,0.0,0.0,0.0
1831,1110.5230000000001,0.0,0.0,0.0
1832,1111.538,0.0,0.0,0.0
1833,1112.552,0.0,0.0,0.0
1834,1113.567,0.0,0.0,0.0
1835,1114.5810000000001,0.0,0.0,0.0
1836,1115.596,0.0,0.0,0.0
1837,1116.611,0.0,0.0,0.0
1838,1117.625,0.0,0.0,0.0
1839,1118.64,0.0,0.0,0.0
1840,1119.654,0.0,0.0,0.0
1841,1120.6689999999999,0.0,0.0,0.0
1842,1121.684,0.0,0.0,0.0
1843,1122.698,0.0,0.0,0.0
1844,1123.713,0.0,0.0,0.0
1845,1124.7269999999999,0.0,0.0,0.0
1846,1125.742,0.0,0.0,0.0
1847,1126.757,0.0,0.0,0.0
1848,1127.771,0.0,0.0,0.0
1849,1128.786,0.0,0.0,0.0
1850,1129.8,0.0,0.0,0.0
1851,1130.815,0.0,0.0,0.0
1852,1131.83,0.0,0.0,0.0
1853,1132.844,0.0,0.0,0.0
1854,1133.859,0.0,0.0,0.0
1855,1134.873,0.0,0.0,0.0
1856,1135.888,0.0,0.0,0.0
1857,1136.903,0.0,0.0,0.0
1858,1137.917,0.0,0.0,0.0
1859,1138.932,0.0,0.0,0.0
1860,1139.9460000000001,0.0,0.0,0.0
1861,1140.961,0.0,0.0,0.0
1862,1141.975,0.0,0.0,0.0
1863,1142.99,0.0,0.0,0.0
1864,1144.005,0.0,0.0,0.0
1865,1145.019,0.0,0.0,0.0
1866,1146.0339999999999,0.0,0.0,0.0
1867,1147.048,0.0,0.0,0.0
1868,1148.063,0.0,0.0,0.0
1869,1149.078,0.0,0.0,0.0
1870,1150.0919999999999,0.0,0.0,0.0
1871,1151.107,0.0,0.0,0.0
1872,1152.121,0.0,0.0,0.0
1873,1153.136,0.0,0.0,0.0
1874,1154.151,0.0,0.0,0.0
1875,1155.165,0.0,0.0,0.0
1876,1156.18,0.0,0.0,0.0
1877,1157.194,0.0,0.0,0.0
1878,1158.2089999999998,0.0,0.0,0.0
1879,1159.224,0.0,0.0,0.0
1880,1160.238,0.0,0.0,0.0
1881,1161.253,0.0,0.0,0.0
1882,1162.267,0.0,0.0,0.0
1883,1163.282,0.0,0.0,0.0
1884,1164.297,0.0,0.0,0.0
1885,1165.3110000000001,0.0,0.0,0.0
1886,1166.326,0.0,0.0,0.0
1887,1167.34,0.0,0.0,0.0
1888,1168.355,0.0,0.0,0.0
1889,1169.37,0.0,0.0,0.0
1890,1170.384,0.0,0.0,0.0
1891,1171.399,0.0,0.0,0.0
1892,1172.413,0.0,0.0,0.0
1893,1173.428,0.0,0.0,0.0
1894,1174.443,0.0,0.0,0.0
1895,1175.4569999999999,0.0,0.0,0.0
1896,1176.472,0.0,0.0,0.0
1897,1177.486,0.0,0.0,0.0
1898,1178.501,0.0,0.0,0.0
1899,1179.515,0.0,0.0,0.0
1900,1180.53,0.0,0.0,0.0
1901,1181.545,0.0,0.0,0.0
1902,1182.559,0.0,0.0,0.0
1903,1183.5739999999998,0.0,0.0,0.0
1904,1184.588,0.0,0.0,0.0
1905,1185.603,0.0,0.0,0.0
1906,1186.618,0.0,0.0,0.0
1907,1187.632,0.0,0.0,0.0
1908,1188.647,0.0,0.0,0.0
1909,1189.661,0.0,0.0,0.0
1910,1190.6760000000002,0.0,0.0,0.0
1911,1191.691,0.0,0.0,0.0
1912,1192.705,0.0,0.0,0.0
1913,1193.72,0.0,0.0,0.0
1914,1194.734,0.0,0.0,0.0
1915,1195.749,0.0,0.0,0.0
